Other	FALSE	Personal Accessories	111.54
F	68	Married	Other	FALSE	Golf Equipment	112.02
F	21	Single	Professional	TRUE	Personal Accessories	114.52
M	32	Single	Trades	TRUE	Mountaineering Equipment	153.75
M	36	Married	Other	FALSE	Outdoor Protection	155.96
M	36	Married	Other	FALSE	Outdoor Protection	164.78
M	36	Married	Other	FALSE	Outdoor Protection	161.46
F	58	Married	Other	FALSE	Golf Equipment	112.05
F	58	Married	Other	FALSE	Golf Equipment	111.02
F	58	Married	Other	FALSE	Golf Equipment	105.95
F	58	Married	Other	FALSE	Golf Equipment	107.31
F	36	Single	Other	FALSE	Outdoor Protection	130.96
F	28	Single	Retail	FALSE	Personal Accessories	102.6
F	28	Single	Professional	TRUE	Personal Accessories	116.97
F	28	Single	Professional	TRUE	Personal Accessories	119.04
F	33	Single	Professional	FALSE	Personal Accessories	127.82
M	39	Unspecified	Sales	FALSE	Outdoor Protection	137.74
M	39	Unspecified	Sales	FALSE	Outdoor Protection	142.5
M	39	Unspecified	Sales	FALSE	Outdoor Protection	143.3
M	24	Single	Sales	TRUE	Mountaineering Equipment	118.33
F	49	Married	Other	FALSE	Golf Equipment	114.13
F	29	Single	Student	TRUE	Personal Accessories	87.8
F	26	Married	Executive	FALSE	Personal Accessories	136.84
F	46	Married	Other	FALSE	Golf Equipment	110.39
F	27	Single	Sales	FALSE	Personal Accessories	112.22
F	28	Married	Executive	FALSE	Personal Accessories	144.26
F	31	Single	Other	FALSE	Personal Accessories	117.81
M	49	Married	Professional	FALSE	Golf Equipment	143.37
M	49	Married	Professional	FALSE	Golf Equipment	135.98
M	49	Married	Professional	FALSE	Golf Equipment	144.67
M	39	Married	Professional	FALSE	Golf Equipment	165.17
M	39	Married	Professional	FALSE	Golf Equipment	165.06
F	37	Married	Professional	FALSE	Golf Equipment	152.72
F	37	Married	Other	FALSE	Outdoor Protection	143.87
F	37	Married	Other	FALSE	Outdoor Protection	137.89
F	29	Single	Other	FALSE	Personal Accessories	106.61
F	29	Single	Other	FALSE	Personal Accessories	109.13
M	31	Single	Trades	TRUE	Mountaineering Equipment	148.66
M	26	Single	Professional	TRUE	Camping Equipment	143.95
F	42	Married	Other	FALSE	Outdoor Protection	135.49
M	25	Single	Other	FALSE	Mountaineering Equipment	126.78
M	25	Single	Other	FALSE	Mountaineering Equipment	128.1
F	38	Unspecified	Other	FALSE	Outdoor Protection	119.86
F	27	Single	Student	TRUE	Personal Accessories	87.48
F	27	Single	Student	TRUE	Personal Accessories	94.7
M	41	Single	Executive	FALSE	Outdoor Protection	167.46
M	41	Single	Executive	FALSE	Outdoor Protection	170.28
F	26	Single	Sales	FALSE	Personal Accessories	105.51
M	50	Married	Other	FALSE	Golf Equipment	127.37
F	43	Married	Other	FALSE	Outdoor Protection	143.79
F	43	Married	Other	FALSE	Outdoor Protection	138.86
M	19	Single	Sales	FALSE	Personal Accessories	112.41
M	19	Single	Sales	FALSE	Personal Accessories	114.43
F	37	Married	Other	FALSE	Outdoor Protection	141.66
F	37	Married	Other	FALSE	Outdoor Protection	143.66
F	37	Married	Other	FALSE	Outdoor Protection	138.73
F	37	Married	Other	FALSE	Outdoor Protection	144.92
F	37	Married	Other	FALSE	Outdoor Protection	144.53
F	28	Single	Professional	TRUE	Personal Accessories	121.81
M	39	Married	Other	FALSE	Outdoor Protection	157.65
M	39	Married	Other	FALSE	Outdoor Protection	157.83
F	33	Married	Executive	FALSE	Golf Equipment	154.9
F	25	Single	Retail	FALSE	Personal Accessories	103.69
M	25	Single	Professional	TRUE	Camping Equipment	143.39
F	39	Married	Executive	FALSE	Golf Equipment	162.34
M	38	Unspecified	Trades	TRUE	Camping Equipment	149.18
F	51	Married	Professional	FALSE	Golf Equipment	115.88
F	51	Married	Professional	FALSE	Golf Equipment	116.78
F	43	Married	Other	FALSE	Outdoor Protection	136.66
M	44	Single	Other	FALSE	Outdoor Protection	151.99
M	44	Single	Other	FALSE	Outdoor Protection	153.33
F	47	Married	Professional	FALSE	Golf Equipment	117.02
M	34	Married	Trades	TRUE	Camping Equipment	157.56
F	32	Married	Other	FALSE	Camping Equipment	134.22
F	29	Single	Retail	FALSE	Personal Accessories	97.35
F	29	Single	Other	FALSE	Personal Accessories	108.49
M	40	Married	Other	FALSE	Outdoor Protection	162.26
M	40	Married	Other	FALSE	Outdoor Protection	156.4
F	68	Married	Retired	FALSE	Golf Equipment	100.76
M	20	Single	Professional	TRUE	Personal Accessories	134.62
F	29	Single	Professional	TRUE	Personal Accessories	116.23
F	46	Married	Hospitality	FALSE	Outdoor Protection	113.08
F	25	Single	Other	FALSE	Personal Accessories	113.45
F	36	Married	Other	FALSE	Outdoor Protection	138.02
F	40	Married	Other	FALSE	Outdoor Protection	143.01
F	40	Married	Other	FALSE	Outdoor Protection	137.19
F	40	Married	Other	FALSE	Outdoor Protection	142.13
M	38	Single	Executive	FALSE	Outdoor Protection	169.99
M	38	Single	Executive	FALSE	Outdoor Protection	167.08
F	30	Married	Other	FALSE	Camping Equipment	126.02
M	21	Single	Trades	TRUE	Mountaineering Equipment	134.29
M	21	Single	Trades	TRUE	Mountaineering Equipment	130.48
M	21	Single	Trades	TRUE	Mountaineering Equipment	125.74
M	21	Single	Professional	TRUE	Personal Accessories	130.18
M	21	Single	Professional	TRUE	Personal Accessories	131.77
M	47	Married	Retired	FALSE	Golf Equipment	116.85
F	23	Single	Other	FALSE	Personal Accessories	100.29
F	30	Married	Other	FALSE	Camping Equipment	133.42
M	22	Single	Professional	TRUE	Personal Accessories	125.5
M	22	Single	Professional	TRUE	Personal Accessories	127.16
M	22	Single	Professional	TRUE	Personal Accessories	131.41
M	40	Married	Sales	FALSE	Outdoor Protection	160.04
M	40	Married	Sales	FALSE	Outdoor Protection	155.36
M	31	Married	Other	FALSE	Camping Equipment	153.95
M	33	Single	Other	FALSE	Mountaineering Equipment	136.16
M	33	Single	Other	FALSE	Mountaineering Equipment	138.05
F	24	Single	Student	TRUE	Personal Accessories	80.29
F	38	Single	Professional	FALSE	Personal Accessories	140.29
F	53	Married	Other	FALSE	Golf Equipment	113.1
F	53	Married	Other	FALSE	Golf Equipment	111.1
F	53	Married	Other	FALSE	Golf Equipment	106.68
F	47	Married	Professional	FALSE	Golf Equipment	121.12
F	38	Unspecified	Hospitality	FALSE	Outdoor Protection	123.44
M	27	Married	Professional	TRUE	Camping Equipment	148.86
M	33	Single	Other	FALSE	Mountaineering Equipment	141.52
M	33	Single	Other	FALSE	Mountaineering Equipment	142.58
M	39	Married	Other	FALSE	Outdoor Protection	156.63
M	39	Married	Other	FALSE	Outdoor Protection	159.68
F	31	Married	Other	FALSE	Camping Equipment	130.56
F	31	Married	Other	FALSE	Camping Equipment	126.95
F	25	Married	Retail	FALSE	Camping Equipment	111.14
F	25	Married	Retail	FALSE	Camping Equipment	112.59
F	26	Single	Professional	TRUE	Personal Accessories	124.26
M	35	Married	Other	FALSE	Outdoor Protection	161.91
F	41	Married	Other	FALSE	Outdoor Protection	139.58
M	40	Married	Professional	FALSE	Golf Equipment	174.89
M	40	Married	Professional	FALSE	Golf Equipment	169.62
M	40	Married	Professional	FALSE	Golf Equipment	166.72
M	40	Married	Professional	FALSE	Golf Equipment	174.91
F	18	Single	Student	FALSE	Personal Accessories	69.07
F	53	Married	Executive	FALSE	Golf Equipment	133.03
F	30	Married	Other	FALSE	Camping Equipment	131.08
M	31	Unspecified	Professional	TRUE	Camping Equipment	137.72
M	57	Married	Other	FALSE	Golf Equipment	131.63
M	57	Married	Other	FALSE	Golf Equipment	131.79
M	57	Married	Other	FALSE	Golf Equipment	132.37
F	34	Married	Executive	FALSE	Golf Equipment	151.13
F	39	Married	Other	FALSE	Outdoor Protection	142.18
F	39	Married	Other	FALSE	Outdoor Protection	141.69
M	23	Single	Sales	TRUE	Mountaineering Equipment	119.39
M	44	Single	Sales	FALSE	Outdoor Protection	151.36
F	32	Married	Other	FALSE	Camping Equipment	127.84
F	32	Married	Other	FALSE	Camping Equipment	126.04
F	54	Married	Other	FALSE	Golf Equipment	114.19
F	45	Married	Other	FALSE	Golf Equipment	110.34
M	36	Married	Professional	FALSE	Golf Equipment	172.72
M	24	Single	Sales	TRUE	Mountaineering Equipment	119
F	30	Single	Other	FALSE	Personal Accessories	116.85
M	38	Married	Sales	FALSE	Outdoor Protection	160.57
M	37	Married	Sales	FALSE	Outdoor Protection	161.66
M	35	Single	Sales	FALSE	Outdoor Protection	153.69
F	41	Married	Retired	FALSE	Golf Equipment	132.73
M	24	Single	Sales	TRUE	Mountaineering Equipment	123.84
M	24	Single	Sales	TRUE	Mountaineering Equipment	116.22
M	24	Single	Sales	TRUE	Mountaineering Equipment	116.94
M	19	Single	Trades	FALSE	Personal Accessories	117.21
F	27	Married	Professional	TRUE	Camping Equipment	126.79
F	32	Married	Other	FALSE	Camping Equipment	129.63
F	35	Married	Executive	FALSE	Golf Equipment	161.95
M	44	Married	Other	FALSE	Outdoor Protection	163.55
M	44	Married	Other	FALSE	Outdoor Protection	155.83
M	28	Married	Other	TRUE	Camping Equipment	143.97
M	28	Married	Other	TRUE	Camping Equipment	138.55
M	39	Married	Student	FALSE	Camping Equipment	136.65
M	39	Married	Student	FALSE	Camping Equipment	140.69
M	39	Married	Student	FALSE	Camping Equipment	139.54
M	27	Single	Other	FALSE	Mountaineering Equipment	127.28
F	35	Unspecified	Hospitality	FALSE	Outdoor Protection	121.27
F	35	Unspecified	Hospitality	FALSE	Outdoor Protection	124.32
F	35	Unspecified	Hospitality	FALSE	Outdoor Protection	118.57
F	35	Unspecified	Hospitality	FALSE	Outdoor Protection	124.43
F	35	Unspecified	Hospitality	FALSE	Outdoor Protection	124.79
M	27	Single	Professional	TRUE	Camping Equipment	142.53
M	27	Single	Professional	TRUE	Camping Equipment	135.79
M	42	Single	Sales	FALSE	Outdoor Protection	153.36
M	42	Single	Sales	FALSE	Outdoor Protection	154.37
F	29	Single	Professional	TRUE	Personal Accessories	124.24
M	38	Married	Trades	TRUE	Camping Equipment	171.55
M	38	Married	Trades	TRUE	Camping Equipment	174.89
M	38	Married	Trades	TRUE	Camping Equipment	168.23
F	34	Married	Executive	FALSE	Golf Equipment	152.39
F	34	Married	Executive	FALSE	Golf Equipment	154.98
F	34	Married	Executive	FALSE	Golf Equipment	150.36
F	41	Unspecified	Hospitality	FALSE	Outdoor Protection	119.34
F	41	Unspecified	Hospitality	FALSE	Outdoor Protection	124.9
F	49	Married	Executive	FALSE	Golf Equipment	130.1
F	37	Single	Professional	FALSE	Personal Accessories	140.27
M	25	Unspecified	Sales	TRUE	Camping Equipment	122
M	25	Unspecified	Sales	TRUE	Camping Equipment	117.59
M	25	Unspecified	Sales	TRUE	Camping Equipment	118.37
M	25	Unspecified	Sales	TRUE	Camping Equipment	119.93
F	45	Unspecified	Hospitality	FALSE	Personal Accessories	85.84
F	45	Unspecified	Hospitality	FALSE	Personal Accessories	85.81
M	34	Single	Other	FALSE	Mountaineering Equipment	143.44
M	34	Single	Other	FALSE	Mountaineering Equipment	144.9
M	37	Married	Professional	FALSE	Golf Equipment	165.87
M	37	Married	Professional	FALSE	Golf Equipment	172.22
M	37	Married	Professional	FALSE	Golf Equipment	165.88
M	37	Married	Professional	FALSE	Golf Equipment	169.52
M	37	Married	Professional	FALSE	Golf Equipment	165.72
M	49	Married	Retired	FALSE	Golf Equipment	116.92
M	49	Married	Retired	FALSE	Golf Equipment	118.17
M	49	Married	Retired	FALSE	Golf Equipment	121.66
M	22	Single	Trades	TRUE	Mountaineering Equipment	129.49
F	39	Married	Other	FALSE	Outdoor Protection	143.41
M	35	Married	Sales	FALSE	Outdoor Protection	156.69
F	34	Married	Other	FALSE	Camping Equipment	126.42
M	21	Single	Sales	TRUE	Mountaineering Equipment	119.93
M	21	Single	Sales	TRUE	Mountaineering Equipment	121.53
M	34	Married	Trades	TRUE	Camping Equipment	164.68
M	34	Married	Trades	TRUE	Camping Equipment	158.34
M	34	Married	Trades	TRUE	Camping Equipment	158.89
M	33	Married	Trades	TRUE	Camping Equipment	163.68
M	33	Married	Trades	TRUE	Camping Equipment	162.8
M	33	Married	Trades	TRUE	Camping Equipment	161.64
M	33	Married	Trades	TRUE	Camping Equipment	163.58
M	33	Married	Trades	TRUE	Camping Equipment	160.7
F	44	Married	Sales	FALSE	Outdoor Protection	135.03
M	32	Single	Professional	TRUE	Camping Equipment	146.26
M	32	Single	Professional	TRUE	Camping Equipment	152.8
F	29	Single	Other	FALSE	Personal Accessories	114.25
M	23	Single	Other	FALSE	Mountaineering Equipment	120.22
M	23	Single	Other	FALSE	Mountaineering Equipment	119.57
M	23	Single	Other	FALSE	Mountaineering Equipment	119.78
M	28	Single	Professional	TRUE	Camping Equipment	135.82
M	28	Single	Professional	TRUE	Camping Equipment	136.5
F	50	Unspecified	Sales	FALSE	Personal Accessories	88.39
F	50	Unspecified	Sales	FALSE	Personal Accessories	87.37
M	44	Single	Executive	FALSE	Outdoor Protection	172.46
M	29	Single	Sales	TRUE	Mountaineering Equipment	134.85
M	29	Single	Sales	TRUE	Mountaineering Equipment	131.54
F	28	Single	Other	FALSE	Personal Accessories	112.69
F	30	Married	Other	FALSE	Camping Equipment	132.67
F	30	Married	Other	FALSE	Camping Equipment	134.44
M	38	Married	Other	FALSE	Outdoor Protection	157
F	36	Married	Other	FALSE	Outdoor Protection	138.78
F	36	Married	Other	FALSE	Outdoor Protection	143.58
F	53	Married	Other	FALSE	Golf Equipment	106.06
F	21	Single	Retail	FALSE	Personal Accessories	94.95
M	37	Single	Executive	FALSE	Outdoor Protection	174.46
M	37	Single	Executive	FALSE	Outdoor Protection	166.51
F	20	Single	Other	FALSE	Personal Accessories	98.35
M	39	Married	Other	FALSE	Outdoor Protection	160.53
M	39	Married	Other	FALSE	Outdoor Protection	163.99
M	39	Married	Other	FALSE	Outdoor Protection	163.33
M	32	Single	Trades	TRUE	Mountaineering Equipment	150.97
F	40	Married	Other	FALSE	Outdoor Protection	137.83
M	34	Married	Professional	TRUE	Camping Equipment	158.41
M	34	Married	Professional	TRUE	Camping Equipment	161.91
M	34	Married	Professional	TRUE	Camping Equipment	160.75
M	34	Married	Professional	TRUE	Camping Equipment	156.68
F	30	Married	Executive	FALSE	Golf Equipment	149.71
F	35	Unspecified	Hospitality	FALSE	Outdoor Protection	121.84
F	35	Unspecified	Hospitality	FALSE	Outdoor Protection	120.53
M	26	Married	Sales	TRUE	Camping Equipment	142.16
M	46	Married	Professional	FALSE	Golf Equipment	139.24
F	33	Unspecified	Sales	FALSE	Personal Accessories	108.41
M	36	Unspecified	Sales	FALSE	Outdoor Protection	143.24
M	36	Unspecified	Sales	FALSE	Outdoor Protection	135.97
M	36	Unspecified	Sales	FALSE	Outdoor Protection	144.24
M	20	Single	Professional	TRUE	Personal Accessories	134.04
F	40	Married	Other	FALSE	Outdoor Protection	139.55
F	45	Married	Executive	FALSE	Golf Equipment	130.56
F	27	Single	Professional	TRUE	Personal Accessories	123.79
M	27	Single	Other	FALSE	Mountaineering Equipment	130.34
M	27	Single	Other	FALSE	Mountaineering Equipment	134.86
F	42	Married	Other	FALSE	Outdoor Protection	141.7
M	36	Single	Other	FALSE	Outdoor Protection	154.42
F	40	Married	Other	FALSE	Outdoor Protection	144.38
M	36	Single	Other	FALSE	Outdoor Protection	152.87
M	36	Single	Other	FALSE	Outdoor Protection	150.04
M	29	Single	Sales	TRUE	Mountaineering Equipment	130.24
F	29	Single	Other	FALSE	Personal Accessories	106.95
F	50	Married	Retail	FALSE	Outdoor Protection	100.8
F	50	Married	Retail	FALSE	Outdoor Protection	95.86
F	27	Single	Student	TRUE	Personal Accessories	91.41
M	33	Single	Professional	TRUE	Camping Equipment	154.53
M	33	Single	Professional	TRUE	Camping Equipment	150
M	33	Single	Professional	TRUE	Camping Equipment	150.85
F	23	Single	Professional	TRUE	Personal Accessories	111.23
F	29	Married	Other	FALSE	Camping Equipment	118.6
F	26	Single	Professional	TRUE	Personal Accessories	124.5
M	35	Married	Trades	TRUE	Camping Equipment	166.42
F	37	Married	Sales	FALSE	Outdoor Protection	136.34
F	37	Married	Sales	FALSE	Outdoor Protection	142.53
F	37	Married	Sales	FALSE	Outdoor Protection	136.48
F	42	Married	Other	FALSE	Outdoor Protection	140.27
M	35	Married	Professional	FALSE	Golf Equipment	174.12
M	35	Married	Professional	FALSE	Golf Equipment	170.94
F	35	Married	Other	FALSE	Outdoor Protection	138.96
F	35	Married	Other	FALSE	Outdoor Protection	135.6
F	35	Married	Other	FALSE	Outdoor Protection	136.31
F	37	Married	Other	FALSE	Outdoor Protection	137.99
F	37	Married	Other	FALSE	Outdoor Protection	142.35
M	26	Single	Trades	TRUE	Mountaineering Equipment	142.57
F	27	Single	Retail	FALSE	Personal Accessories	100.45
F	48	Married	Sales	FALSE	Outdoor Protection	114.18
F	23	Single	Other	FALSE	Personal Accessories	102.79
F	48	Married	Hospitality	FALSE	Outdoor Protection	107.05
M	21	Single	Retail	FALSE	Personal Accessories	114.81
M	21	Single	Retail	FALSE	Personal Accessories	108.26
M	20	Single	Trades	TRUE	Mountaineering Equipment	125.42
M	46	Married	Other	FALSE	Golf Equipment	132.12
M	46	Married	Other	FALSE	Golf Equipment	126.22
F	29	Married	Executive	FALSE	Personal Accessories	141.67
F	34	Married	Other	FALSE	Camping Equipment	126.43
M	34	Married	Executive	FALSE	Golf Equipment	169.15
F	26	Single	Student	TRUE	Personal Accessories	93
M	58	Married	Trades	FALSE	Camping Equipment	139.65
M	58	Married	Trades	FALSE	Camping Equipment	145
F	21	Single	Other	FALSE	Personal Accessories	101.05
F	58	Unspecified	Hospitality	FALSE	Personal Accessories	87.8
F	58	Unspecified	Hospitality	FALSE	Personal Accessories	89.26
F	45	Married	Executive	FALSE	Golf Equipment	126.76
F	29	Single	Retail	FALSE	Personal Accessories	100.22
F	29	Single	Retail	FALSE	Personal Accessories	98.42
M	39	Married	Other	FALSE	Outdoor Protection	157.64
M	39	Married	Other	FALSE	Outdoor Protection	160.22
M	19	Single	Executive	FALSE	Personal Accessories	129.12
F	24	Single	Student	TRUE	Personal Accessories	75.75
F	40	Unspecified	Hospitality	FALSE	Outdoor Protection	122.61
F	40	Unspecified	Hospitality	FALSE	Outdoor Protection	117.54
F	26	Married	Other	FALSE	Camping Equipment	124.99
F	31	Married	Hospitality	FALSE	Personal Accessories	128.26
F	25	Single	Professional	TRUE	Personal Accessories	119.57
F	34	Married	Other	FALSE	Camping Equipment	127.45
F	34	Married	Other	FALSE	Camping Equipment	125.1
M	34	Married	Other	FALSE	Camping Equipment	153.58
F	51	Married	Other	FALSE	Golf Equipment	113.91
F	42	Married	Other	FALSE	Outdoor Protection	138.28
F	42	Married	Other	FALSE	Outdoor Protection	142.73
F	30	Single	Retail	FALSE	Personal Accessories	112.79
F	30	Single	Retail	FALSE	Personal Accessories	112.77
F	30	Single	Retail	FALSE	Personal Accessories	114.35
F	30	Single	Retail	FALSE	Personal Accessories	110.67
F	30	Single	Retail	FALSE	Personal Accessories	109.76
F	41	Married	Other	FALSE	Outdoor Protection	137.84
F	48	Married	Executive	FALSE	Golf Equipment	127.99
F	62	Married	Other	FALSE	Golf Equipment	107.95
F	34	Married	Other	FALSE	Camping Equipment	126.49
F	34	Married	Other	FALSE	Camping Equipment	133.48
F	47	Married	Retired	FALSE	Golf Equipment	102.12
F	47	Married	Retired	FALSE	Golf Equipment	100.94
F	28	Single	Other	FALSE	Personal Accessories	108.12
M	27	Married	Sales	TRUE	Camping Equipment	142.7
M	42	Unspecified	Trades	TRUE	Camping Equipment	151.03
F	26	Single	Other	FALSE	Personal Accessories	111.03
F	26	Single	Other	FALSE	Personal Accessories	114.36
F	26	Single	Other	FALSE	Personal Accessories	106.02
M	37	Married	Professional	FALSE	Golf Equipment	171.32
F	23	Single	Other	FALSE	Personal Accessories	99.68
M	34	Single	Other	FALSE	Mountaineering Equipment	143.59
M	23	Single	Other	FALSE	Mountaineering Equipment	116.56
F	21	Single	Other	FALSE	Personal Accessories	98.88
F	30	Married	Executive	FALSE	Golf Equipment	150.51
F	30	Married	Executive	FALSE	Golf Equipment	154.43
F	30	Married	Executive	FALSE	Golf Equipment	154.5
M	39	Married	Trades	TRUE	Camping Equipment	165.96
F	28	Single	Other	FALSE	Personal Accessories	105.74
F	28	Single	Other	FALSE	Personal Accessories	110.59
M	44	Married	Retired	FALSE	Camping Equipment	146
M	44	Married	Retired	FALSE	Camping Equipment	152.19
M	44	Married	Retired	FALSE	Camping Equipment	145.72
F	43	Married	Other	FALSE	Outdoor Protection	144.2
F	44	Married	Professional	FALSE	Golf Equipment	148.68
M	28	Single	Professional	TRUE	Camping Equipment	135.32
M	29	Single	Student	TRUE	Camping Equipment	112.21
M	34	Married	Other	FALSE	Camping Equipment	149.66
F	48	Married	Hospitality	FALSE	Outdoor Protection	106.52
F	48	Married	Hospitality	FALSE	Outdoor Protection	112.96
M	19	Single	Sales	FALSE	Personal Accessories	107.78
F	18	Single	Retail	FALSE	Personal Accessories	84.41
F	22	Single	Sales	FALSE	Personal Accessories	102.1
F	30	Single	Professional	FALSE	Personal Accessories	131.31
M	52	Married	Professional	FALSE	Golf Equipment	135.45
M	34	Unspecified	Professional	TRUE	Camping Equipment	137.32
M	32	Married	Executive	FALSE	Golf Equipment	165.2
M	32	Married	Executive	FALSE	Golf Equipment	172.91
M	32	Married	Executive	FALSE	Golf Equipment	165.47
M	23	Single	Trades	TRUE	Mountaineering Equipment	134.97
M	23	Single	Trades	TRUE	Mountaineering Equipment	127.86
M	29	Single	Professional	TRUE	Camping Equipment	138.19
M	29	Single	Professional	TRUE	Camping Equipment	137.74
M	42	Married	Sales	FALSE	Outdoor Protection	160.02
M	42	Married	Sales	FALSE	Outdoor Protection	158.46
F	37	Unspecified	Hospitality	FALSE	Outdoor Protection	120.45
M	31	Married	Sales	TRUE	Camping Equipment	149.91
M	44	Single	Executive	FALSE	Outdoor Protection	169.68
M	32	Single	Professional	TRUE	Camping Equipment	148.88
M	32	Single	Professional	TRUE	Camping Equipment	147.62
M	33	Married	Executive	FALSE	Golf Equipment	173.91
F	53	Married	Other	FALSE	Golf Equipment	113.02
M	25	Married	Sales	TRUE	Camping Equipment	140.68
F	47	Married	Other	FALSE	Golf Equipment	111.72
F	47	Married	Other	FALSE	Golf Equipment	105.93
M	35	Single	Other	FALSE	Outdoor Protection	147.6
F	31	Married	Other	FALSE	Camping Equipment	129.16
F	69	Married	Retired	FALSE	Golf Equipment	101.02
M	24	Single	Trades	TRUE	Mountaineering Equipment	129.15
M	24	Single	Trades	TRUE	Mountaineering Equipment	134.44
F	29	Single	Hospitality	FALSE	Personal Accessories	113.12
F	32	Married	Executive	FALSE	Golf Equipment	147.71
M	43	Married	Executive	FALSE	Golf Equipment	179.2
M	55	Married	Other	FALSE	Golf Equipment	125.12
M	55	Married	Other	FALSE	Golf Equipment	132.54
F	26	Single	Retail	FALSE	Personal Accessories	101.86
F	42	Unspecified	Hospitality	FALSE	Outdoor Protection	120.73
F	42	Unspecified	Hospitality	FALSE	Outdoor Protection	118.7
M	28	Single	Other	FALSE	Mountaineering Equipment	126.33
M	28	Single	Other	FALSE	Mountaineering Equipment	127
M	32	Married	Other	FALSE	Camping Equipment	151.79
M	26	Single	Student	TRUE	Camping Equipment	114.47
F	29	Single	Retail	FALSE	Personal Accessories	95.04
F	18	Single	Professional	FALSE	Personal Accessories	100.99
F	39	Married	Other	FALSE	Outdoor Protection	139.72
F	42	Married	Other	FALSE	Outdoor Protection	140.49
M	45	Married	Professional	FALSE	Golf Equipment	139.49
F	25	Married	Executive	FALSE	Personal Accessories	140.59
M	30	Single	Trades	TRUE	Mountaineering Equipment	149.16
F	19	Single	Professional	FALSE	Personal Accessories	104.24
F	46	Unspecified	Hospitality	FALSE	Personal Accessories	91.49
F	46	Unspecified	Hospitality	FALSE	Personal Accessories	92.28
F	53	Married	Retired	FALSE	Golf Equipment	100.94
M	43	Married	Executive	FALSE	Golf Equipment	175.54
M	22	Single	Professional	TRUE	Personal Accessories	130.91
M	22	Single	Professional	TRUE	Personal Accessories	126.87
F	43	Married	Other	FALSE	Outdoor Protection	137.52
M	31	Single	Other	FALSE	Mountaineering Equipment	141.9
M	31	Single	Other	FALSE	Mountaineering Equipment	143.09
M	31	Single	Other	FALSE	Mountaineering Equipment	140.72
M	31	Single	Other	FALSE	Mountaineering Equipment	144.86
F	48	Married	Hospitality	FALSE	Outdoor Protection	106.9
F	48	Married	Hospitality	FALSE	Outdoor Protection	114.09
F	37	Unspecified	Hospitality	FALSE	Outdoor Protection	116.77
F	37	Unspecified	Hospitality	FALSE	Outdoor Protection	124.74
F	37	Unspecified	Hospitality	FALSE	Outdoor Protection	117.21
M	24	Single	Other	FALSE	Mountaineering Equipment	119.39
M	30	Married	Trades	TRUE	Camping Equipment	164
F	22	Single	Other	FALSE	Personal Accessories	99.3
M	31	Married	Other	FALSE	Camping Equipment	148.24
F	25	Married	Sales	TRUE	Camping Equipment	116.86
M	29	Single	Professional	TRUE	Camping Equipment	139.83
M	29	Single	Professional	TRUE	Camping Equipment	141.72
F	41	Married	Other	FALSE	Outdoor Protection	137.92
M	27	Married	Sales	TRUE	Camping Equipment	143.15
F	34	Married	Retail	FALSE	Camping Equipment	116.31
F	34	Married	Retail	FALSE	Camping Equipment	117.03
M	36	Married	Professional	FALSE	Golf Equipment	169.69
M	36	Married	Professional	FALSE	Golf Equipment	166.12
M	32	Married	Sales	TRUE	Camping Equipment	150.71
M	32	Married	Sales	TRUE	Camping Equipment	149.87
M	32	Married	Sales	TRUE	Camping Equipment	150.74
F	20	Single	Other	FALSE	Personal Accessories	104.98
M	30	Married	Trades	TRUE	Camping Equipment	163.52
F	38	Single	Professional	FALSE	Personal Accessories	140.97
F	27	Single	Other	FALSE	Personal Accessories	113.16
F	27	Single	Other	FALSE	Personal Accessories	105.1
F	27	Single	Other	FALSE	Personal Accessories	113.2
F	27	Single	Other	FALSE	Personal Accessories	111.42
M	28	Married	Other	TRUE	Camping Equipment	138.26
M	39	Unspecified	Trades	TRUE	Camping Equipment	150.23
M	37	Married	Executive	FALSE	Golf Equipment	175.02
F	28	Single	Retail	FALSE	Personal Accessories	101.73
M	23	Single	Trades	TRUE	Mountaineering Equipment	131.48
M	48	Married	Professional	FALSE	Golf Equipment	143.17
M	48	Married	Professional	FALSE	Golf Equipment	140.65
M	48	Married	Professional	FALSE	Golf Equipment	142.99
M	48	Married	Professional	FALSE	Golf Equipment	142.83
M	20	Single	Trades	TRUE	Mountaineering Equipment	132.71
M	20	Single	Trades	TRUE	Mountaineering Equipment	126.29
F	23	Single	Professional	TRUE	Personal Accessories	108.43
F	23	Single	Professional	TRUE	Personal Accessories	106.63
M	24	Single	Executive	FALSE	Personal Accessories	139.79
M	24	Single	Executive	FALSE	Personal Accessories	137.3
M	31	Married	Other	FALSE	Camping Equipment	145.01
F	19	Single	Other	FALSE	Personal Accessories	91.27
F	19	Single	Other	FALSE	Personal Accessories	87.66
F	46	Married	Executive	FALSE	Golf Equipment	125.89
M	28	Married	Other	TRUE	Camping Equipment	138.65
F	24	Single	Other	FALSE	Personal Accessories	103.23
F	24	Single	Other	FALSE	Personal Accessories	96.74
F	24	Single	Other	FALSE	Personal Accessories	98.88
F	32	Married	Executive	FALSE	Golf Equipment	150.47
F	32	Married	Executive	FALSE	Golf Equipment	146.51
F	64	Married	Retired	FALSE	Golf Equipment	99.54
M	17	Single	Student	FALSE	Personal Accessories	88.04
F	34	Married	Other	FALSE	Camping Equipment	126.09
M	44	Married	Professional	FALSE	Golf Equipment	169.64
M	46	Unspecified	Other	FALSE	Golf Equipment	113.82
M	46	Unspecified	Other	FALSE	Golf Equipment	105.96
M	46	Unspecified	Other	FALSE	Golf Equipment	107.93
M	40	Married	Trades	TRUE	Camping Equipment	166.76
M	23	Single	Student	TRUE	Personal Accessories	100.76
M	32	Single	Other	FALSE	Mountaineering Equipment	135.9
M	32	Single	Other	FALSE	Mountaineering Equipment	137
F	34	Single	Professional	FALSE	Personal Accessories	128.55
M	28	Single	Trades	TRUE	Mountaineering Equipment	142.06
M	28	Single	Trades	TRUE	Mountaineering Equipment	142.89
M	28	Single	Trades	TRUE	Mountaineering Equipment	141.68
F	29	Married	Executive	FALSE	Personal Accessories	138.68
M	39	Married	Sales	FALSE	Outdoor Protection	161.32
M	39	Married	Sales	FALSE	Outdoor Protection	164.9
M	39	Married	Sales	FALSE	Outdoor Protection	156.76
M	39	Married	Sales	FALSE	Outdoor Protection	156.9
M	39	Married	Sales	FALSE	Outdoor Protection	162.94
M	39	Married	Sales	FALSE	Outdoor Protection	158.65
M	35	Married	Other	FALSE	Outdoor Protection	164.37
M	35	Married	Other	FALSE	Outdoor Protection	161.15
F	32	Married	Other	FALSE	Camping Equipment	134.59
F	32	Married	Other	FALSE	Camping Equipment	134.73
F	29	Single	Retail	FALSE	Personal Accessories	104.58
F	38	Married	Executive	FALSE	Golf Equipment	163.27
F	30	Single	Retail	FALSE	Personal Accessories	106.1
F	53	Married	Other	FALSE	Golf Equipment	112.82
F	53	Married	Other	FALSE	Golf Equipment	106.83
F	53	Married	Other	FALSE	Golf Equipment	111.74
F	53	Married	Other	FALSE	Golf Equipment	108.21
F	27	Single	Other	FALSE	Personal Accessories	110.99
F	37	Single	Professional	FALSE	Personal Accessories	137.32
M	30	Married	Sales	TRUE	Camping Equipment	148.5
M	30	Married	Sales	TRUE	Camping Equipment	154.16
F	20	Single	Other	FALSE	Personal Accessories	101.11
M	54	Married	Professional	FALSE	Golf Equipment	136.84
M	25	Married	Other	TRUE	Camping Equipment	135.73
F	26	Single	Professional	TRUE	Personal Accessories	122.14
M	32	Single	Professional	TRUE	Camping Equipment	147.73
M	32	Single	Professional	TRUE	Camping Equipment	153.44
M	32	Single	Professional	TRUE	Camping Equipment	150.77
M	22	Single	Executive	FALSE	Personal Accessories	136.33
M	22	Single	Executive	FALSE	Personal Accessories	138.69
M	38	Married	Sales	FALSE	Outdoor Protection	157.35
M	38	Married	Sales	FALSE	Outdoor Protection	156.32
M	38	Married	Sales	FALSE	Outdoor Protection	164.88
M	38	Married	Sales	FALSE	Outdoor Protection	164.75
M	38	Married	Sales	FALSE	Outdoor Protection	163.51
F	60	Unspecified	Hospitality	FALSE	Personal Accessories	91.83
F	46	Married	Executive	FALSE	Golf Equipment	129.39
F	24	Single	Other	FALSE	Personal Accessories	100.08
M	30	Unspecified	Sales	FALSE	Camping Equipment	129.53
M	30	Unspecified	Sales	FALSE	Camping Equipment	126.54
F	42	Married	Executive	FALSE	Golf Equipment	156.27
F	42	Married	Executive	FALSE	Golf Equipment	156.05
F	42	Married	Other	FALSE	Outdoor Protection	135.78
F	52	Married	Retired	FALSE	Golf Equipment	101.91
F	45	Married	Executive	FALSE	Golf Equipment	125.55
F	54	Married	Other	FALSE	Golf Equipment	105.37
F	54	Married	Other	FALSE	Golf Equipment	106.76
M	28	Single	Professional	TRUE	Camping Equipment	136.37
F	28	Single	Professional	TRUE	Personal Accessories	115.53
F	56	Married	Retired	FALSE	Golf Equipment	99.39
M	36	Married	Other	FALSE	Outdoor Protection	164.56
M	36	Married	Other	FALSE	Outdoor Protection	160.65
M	27	Married	Other	TRUE	Camping Equipment	143.06
M	25	Married	Sales	TRUE	Camping Equipment	138.18
F	43	Married	Other	FALSE	Outdoor Protection	140.62
F	39	Married	Other	FALSE	Outdoor Protection	138.38
F	39	Married	Other	FALSE	Outdoor Protection	135.94
F	39	Married	Other	FALSE	Outdoor Protection	138.56
F	29	Single	Other	FALSE	Personal Accessories	111.02
M	35	Single	Professional	FALSE	Outdoor Protection	161.48
F	20	Single	Professional	TRUE	Personal Accessories	109.47
F	21	Single	Other	FALSE	Personal Accessories	95.75
F	40	Unspecified	Hospitality	FALSE	Outdoor Protection	120.41
F	58	Unspecified	Hospitality	FALSE	Personal Accessories	90.27
M	43	Married	Trades	TRUE	Camping Equipment	174.2
F	20	Single	Retail	FALSE	Personal Accessories	87.23
F	36	Single	Professional	FALSE	Personal Accessories	141.58
F	32	Single	Other	FALSE	Personal Accessories	121.66
M	34	Married	Sales	TRUE	Camping Equipment	145.94
M	34	Married	Sales	TRUE	Camping Equipment	147.8
F	48	Married	Other	FALSE	Golf Equipment	108.91
M	32	Married	Other	FALSE	Camping Equipment	148.79
M	32	Married	Other	FALSE	Camping Equipment	152.62
M	35	Married	Other	FALSE	Outdoor Protection	162.72
M	34	Married	Sales	TRUE	Camping Equipment	147.55
M	34	Married	Sales	TRUE	Camping Equipment	151.13
F	37	Married	Executive	FALSE	Golf Equipment	164.76
F	37	Married	Executive	FALSE	Golf Equipment	164.21
F	25	Single	Other	FALSE	Personal Accessories	114.11
M	26	Single	Professional	TRUE	Camping Equipment	142.13
M	26	Single	Professional	TRUE	Camping Equipment	139.48
F	51	Married	Other	FALSE	Golf Equipment	105.17
F	26	Single	Professional	TRUE	Personal Accessories	123.31
F	51	Married	Other	FALSE	Golf Equipment	107.26
M	32	Single	Other	FALSE	Mountaineering Equipment	144.18
M	32	Single	Other	FALSE	Mountaineering Equipment	140.57
F	31	Unspecified	Sales	FALSE	Personal Accessories	113.36
F	21	Single	Other	FALSE	Personal Accessories	100.99
M	36	Single	Other	FALSE	Outdoor Protection	154.09
M	35	Married	Professional	FALSE	Golf Equipment	166.03
F	36	Single	Retail	FALSE	Outdoor Protection	115.45
F	36	Single	Retail	FALSE	Outdoor Protection	122.11
F	48	Married	Retired	FALSE	Golf Equipment	95.62
M	53	Married	Professional	FALSE	Golf Equipment	137.42
M	53	Married	Professional	FALSE	Golf Equipment	138.39
M	41	Married	Executive	FALSE	Golf Equipment	184.7
M	41	Married	Executive	FALSE	Golf Equipment	175.7
M	38	Married	Other	FALSE	Outdoor Protection	157.29
F	32	Unspecified	Sales	FALSE	Personal Accessories	113.39
M	28	Single	Executive	FALSE	Mountaineering Equipment	148.5
F	38	Single	Retail	FALSE	Outdoor Protection	120.49
F	20	Single	Other	FALSE	Personal Accessories	104.7
M	19	Single	Other	FALSE	Personal Accessories	114.42
F	26	Married	Executive	FALSE	Personal Accessories	141.31
M	33	Unspecified	Professional	TRUE	Camping Equipment	139.9
M	23	Single	Other	FALSE	Mountaineering Equipment	122
M	33	Married	Other	FALSE	Camping Equipment	148.98
F	18	Single	Other	FALSE	Personal Accessories	93.15
M	44	Single	Executive	FALSE	Outdoor Protection	172.63
M	44	Single	Executive	FALSE	Outdoor Protection	173.01
F	47	Married	Hospitality	FALSE	Outdoor Protection	106.49
M	28	Single	Trades	TRUE	Mountaineering Equipment	135.77
M	38	Married	Executive	FALSE	Golf Equipment	181.56
M	38	Married	Executive	FALSE	Golf Equipment	182.58
M	31	Single	Other	FALSE	Mountaineering Equipment	138.79
M	31	Single	Other	FALSE	Mountaineering Equipment	141.19
F	25	Single	Retail	FALSE	Personal Accessories	104.92
M	42	Unspecified	Trades	TRUE	Camping Equipment	145.98
M	44	Married	Other	FALSE	Outdoor Protection	162.04
F	64	Married	Retired	FALSE	Golf Equipment	99.11
F	41	Unspecified	Hospitality	FALSE	Outdoor Protection	122.39
F	41	Unspecified	Hospitality	FALSE	Outdoor Protection	124.7
F	28	Single	Other	FALSE	Personal Accessories	109.05
F	33	Single	Retail	FALSE	Personal Accessories	111.27
F	28	Single	Student	TRUE	Personal Accessories	86.94
M	34	Married	Other	FALSE	Camping Equipment	147.87
M	34	Married	Other	FALSE	Camping Equipment	149.7
M	34	Married	Other	FALSE	Camping Equipment	154.62
M	34	Married	Other	FALSE	Camping Equipment	152.32
M	28	Single	Executive	FALSE	Mountaineering Equipment	153.53
M	24	Single	Other	FALSE	Mountaineering Equipment	121.11
M	32	Married	Executive	FALSE	Golf Equipment	166.1
M	32	Married	Executive	FALSE	Golf Equipment	168.22
M	32	Married	Executive	FALSE	Golf Equipment	174.41
M	32	Married	Executive	FALSE	Golf Equipment	172.54
M	36	Single	Other	FALSE	Outdoor Protection	147.31
M	41	Married	Other	FALSE	Outdoor Protection	160.41
M	41	Married	Other	FALSE	Outdoor Protection	159.53
F	48	Married	Executive	FALSE	Golf Equipment	125.07
F	48	Married	Executive	FALSE	Golf Equipment	129.93
F	48	Married	Executive	FALSE	Golf Equipment	133.09
M	34	Single	Other	FALSE	Mountaineering Equipment	137.24
M	34	Single	Other	FALSE	Mountaineering Equipment	140.3
M	38	Married	Other	FALSE	Outdoor Protection	160.73
M	38	Married	Other	FALSE	Outdoor Protection	161.23
M	23	Single	Sales	TRUE	Mountaineering Equipment	120.33
M	23	Single	Sales	TRUE	Mountaineering Equipment	118.29
F	35	Married	Other	FALSE	Outdoor Protection	139.19
F	46	Unspecified	Hospitality	FALSE	Personal Accessories	93.65
F	46	Unspecified	Hospitality	FALSE	Personal Accessories	88.39
F	46	Unspecified	Hospitality	FALSE	Personal Accessories	93.63
F	46	Unspecified	Hospitality	FALSE	Personal Accessories	86.6
M	45	Married	Other	FALSE	Golf Equipment	131.91
M	44	Married	Trades	TRUE	Camping Equipment	166.02
M	27	Single	Professional	TRUE	Camping Equipment	144.96
F	37	Single	Professional	FALSE	Personal Accessories	142.04
M	20	Single	Sales	TRUE	Mountaineering Equipment	123.96
M	20	Single	Sales	TRUE	Mountaineering Equipment	115.98
M	20	Single	Sales	TRUE	Mountaineering Equipment	124.94
M	29	Married	Other	TRUE	Camping Equipment	143.55
F	47	Married	Professional	FALSE	Golf Equipment	116.84
F	30	Single	Other	FALSE	Personal Accessories	120.14
M	23	Single	Professional	TRUE	Personal Accessories	131.86
M	22	Single	Sales	TRUE	Mountaineering Equipment	120.1
M	30	Married	Professional	TRUE	Camping Equipment	158.1
F	43	Married	Retired	FALSE	Golf Equipment	133.65
F	27	Single	Professional	TRUE	Personal Accessories	117.99
M	48	Married	Professional	FALSE	Golf Equipment	143.7
M	27	Single	Trades	TRUE	Mountaineering Equipment	136.17
M	27	Single	Trades	TRUE	Mountaineering Equipment	141.46
F	27	Single	Professional	TRUE	Personal Accessories	115.45
M	34	Married	Other	FALSE	Camping Equipment	146.27
M	34	Married	Other	FALSE	Camping Equipment	148.96
M	34	Married	Other	FALSE	Camping Equipment	151.43
M	21	Single	Other	FALSE	Mountaineering Equipment	118.08
F	42	Married	Other	FALSE	Outdoor Protection	144.31
F	42	Married	Other	FALSE	Outdoor Protection	136.07
F	42	Married	Other	FALSE	Outdoor Protection	140.28
F	42	Married	Other	FALSE	Outdoor Protection	143.12
M	55	Married	Professional	FALSE	Golf Equipment	144.35
M	55	Married	Professional	FALSE	Golf Equipment	142.72
M	22	Single	Sales	TRUE	Mountaineering Equipment	119.81
M	22	Single	Sales	TRUE	Mountaineering Equipment	124.03
F	19	Single	Hospitality	FALSE	Personal Accessories	87.51
F	19	Single	Hospitality	FALSE	Personal Accessories	93.79
M	24	Single	Retail	FALSE	Personal Accessories	108.39
M	24	Single	Retail	FALSE	Personal Accessories	105.68
F	47	Married	Retired	FALSE	Golf Equipment	102.21
F	35	Married	Other	FALSE	Outdoor Protection	139.82
M	43	Single	Sales	FALSE	Outdoor Protection	150.42
M	29	Single	Executive	FALSE	Mountaineering Equipment	151.3
M	29	Single	Executive	FALSE	Mountaineering Equipment	146.65
M	29	Single	Executive	FALSE	Mountaineering Equipment	150.56
F	28	Single	Other	FALSE	Personal Accessories	114.03
F	41	Married	Professional	FALSE	Golf Equipment	147.52
M	28	Single	Other	FALSE	Mountaineering Equipment	126.98
F	21	Married	Other	TRUE	Personal Accessories	113.99
F	21	Married	Other	TRUE	Personal Accessories	112.6
F	28	Single	Professional	TRUE	Personal Accessories	123.13
F	28	Single	Professional	TRUE	Personal Accessories	122.08
F	21	Single	Student	TRUE	Personal Accessories	77.02
F	21	Single	Student	TRUE	Personal Accessories	78.98
F	21	Single	Student	TRUE	Personal Accessories	81.83
F	22	Single	Other	FALSE	Personal Accessories	95.82
M	39	Unspecified	Trades	TRUE	Camping Equipment	150.56
M	39	Unspecified	Trades	TRUE	Camping Equipment	150.66
M	31	Single	Other	FALSE	Mountaineering Equipment	139.05
M	33	Married	Executive	FALSE	Golf Equipment	172.12
F	36	Married	Other	FALSE	Outdoor Protection	140.82
M	47	Married	Trades	FALSE	Camping Equipment	143.82
M	43	Unspecified	Other	FALSE	Outdoor Protection	143.08
M	43	Married	Professional	FALSE	Golf Equipment	166.44
F	26	Single	Other	FALSE	Personal Accessories	114.16
F	26	Single	Other	FALSE	Personal Accessories	112.43
F	26	Single	Other	FALSE	Personal Accessories	111.42
M	33	Married	Trades	TRUE	Camping Equipment	160.75
F	29	Single	Student	TRUE	Personal Accessories	92.81
F	36	Married	Other	FALSE	Outdoor Protection	141.22
M	50	Married	Professional	FALSE	Golf Equipment	142.21
M	34	Married	Executive	FALSE	Golf Equipment	169.81
M	34	Married	Executive	FALSE	Golf Equipment	168.27
F	42	Married	Other	FALSE	Outdoor Protection	144.34
F	42	Married	Other	FALSE	Outdoor Protection	143.53
F	42	Married	Other	FALSE	Outdoor Protection	136.76
F	42	Married	Other	FALSE	Outdoor Protection	137.04
F	33	Married	Retail	FALSE	Camping Equipment	123.11
M	59	Married	Other	FALSE	Golf Equipment	131.79
M	59	Married	Other	FALSE	Golf Equipment	132.17
F	32	Single	Professional	FALSE	Personal Accessories	131.84
F	30	Married	Other	FALSE	Camping Equipment	130.82
F	28	Single	Student	TRUE	Personal Accessories	90.8
M	39	Married	Other	FALSE	Outdoor Protection	157.17
F	26	Single	Other	FALSE	Personal Accessories	111.72
F	27	Single	Other	FALSE	Personal Accessories	113.18
F	48	Married	Hospitality	FALSE	Outdoor Protection	106.32
M	31	Single	Student	TRUE	Camping Equipment	115.98
M	30	Single	Trades	TRUE	Mountaineering Equipment	152.84
M	30	Single	Trades	TRUE	Mountaineering Equipment	151.14
M	30	Single	Trades	TRUE	Mountaineering Equipment	148.37
F	64	Married	Retired	FALSE	Golf Equipment	95.24
M	41	Single	Executive	FALSE	Outdoor Protection	165.54
M	37	Married	Trades	TRUE	Camping Equipment	165.74
F	50	Married	Retired	FALSE	Golf Equipment	100.69
M	28	Unspecified	Sales	TRUE	Camping Equipment	117
M	34	Married	Other	FALSE	Camping Equipment	154.27
M	34	Married	Other	FALSE	Camping Equipment	153.27
M	34	Married	Sales	TRUE	Camping Equipment	146.44
F	26	Married	Sales	TRUE	Camping Equipment	120.65
M	42	Married	Other	FALSE	Outdoor Protection	162.16
F	25	Single	Professional	TRUE	Personal Accessories	123.06
M	22	Single	Other	FALSE	Mountaineering Equipment	119.53
M	22	Single	Other	FALSE	Mountaineering Equipment	120.74
M	37	Married	Sales	FALSE	Outdoor Protection	161.09
M	37	Married	Sales	FALSE	Outdoor Protection	162.68
F	42	Married	Other	FALSE	Outdoor Protection	138.22
M	22	Single	Sales	TRUE	Mountaineering Equipment	120.02
M	22	Single	Sales	TRUE	Mountaineering Equipment	121.69
F	35	Married	Professional	FALSE	Golf Equipment	149.11
M	41	Married	Sales	FALSE	Outdoor Protection	164.8
M	39	Unspecified	Sales	FALSE	Outdoor Protection	135.92
M	39	Unspecified	Sales	FALSE	Outdoor Protection	139.2
M	25	Single	Retail	FALSE	Camping Equipment	124.18
M	44	Married	Other	FALSE	Outdoor Protection	157.46
M	40	Married	Other	FALSE	Outdoor Protection	163.03
M	46	Married	Professional	FALSE	Golf Equipment	136.5
F	33	Unspecified	Sales	FALSE	Personal Accessories	105.03
F	33	Unspecified	Sales	FALSE	Personal Accessories	108.3
M	28	Single	Other	FALSE	Mountaineering Equipment	132.82
F	49	Married	Hospitality	FALSE	Outdoor Protection	106.02
F	44	Married	Other	FALSE	Outdoor Protection	135.16
F	31	Married	Other	FALSE	Camping Equipment	126.71
F	27	Single	Other	FALSE	Personal Accessories	105.83
F	48	Married	Other	FALSE	Golf Equipment	108.58
F	48	Married	Other	FALSE	Golf Equipment	114.51
M	25	Single	Sales	TRUE	Mountaineering Equipment	129.9
M	42	Married	Other	FALSE	Outdoor Protection	162.64
M	42	Married	Other	FALSE	Outdoor Protection	160.34
M	34	Unspecified	Professional	TRUE	Camping Equipment	138.43
F	34	Married	Other	FALSE	Camping Equipment	134.65
F	34	Married	Other	FALSE	Camping Equipment	127.51
F	34	Married	Other	FALSE	Camping Equipment	128.38
M	37	Married	Executive	FALSE	Golf Equipment	182.27
F	48	Unspecified	Hospitality	FALSE	Personal Accessories	88.9
F	48	Unspecified	Hospitality	FALSE	Personal Accessories	88.56
F	36	Married	Other	FALSE	Outdoor Protection	143.45
M	40	Single	Professional	FALSE	Outdoor Protection	163.58
M	40	Single	Professional	FALSE	Outdoor Protection	159.11
F	20	Single	Professional	TRUE	Personal Accessories	107.49
F	20	Single	Professional	TRUE	Personal Accessories	113.35
F	35	Married	Other	FALSE	Outdoor Protection	138.1
F	35	Married	Other	FALSE	Outdoor Protection	135.82
F	35	Married	Other	FALSE	Outdoor Protection	141.45
M	44	Married	Sales	FALSE	Outdoor Protection	162.87
M	44	Married	Sales	FALSE	Outdoor Protection	164.35
M	44	Married	Sales	FALSE	Outdoor Protection	160.16
F	55	Married	Retired	FALSE	Golf Equipment	98.18
M	23	Single	Professional	TRUE	Personal Accessories	130.9
M	23	Single	Professional	TRUE	Personal Accessories	127
M	23	Single	Professional	TRUE	Personal Accessories	126.25
M	41	Married	Other	FALSE	Outdoor Protection	161.33
F	24	Single	Other	FALSE	Personal Accessories	99.09
F	21	Single	Student	TRUE	Personal Accessories	77.36
M	28	Single	Trades	TRUE	Mountaineering Equipment	135.05
F	26	Married	Other	FALSE	Camping Equipment	118.73
F	26	Married	Other	FALSE	Camping Equipment	123.36
M	39	Married	Professional	FALSE	Golf Equipment	169.57
M	22	Single	Other	FALSE	Mountaineering Equipment	123.63
M	22	Single	Other	FALSE	Mountaineering Equipment	117.7
F	20	Single	Retail	FALSE	Personal Accessories	94.02
M	37	Married	Sales	FALSE	Outdoor Protection	158.42
F	46	Married	Other	FALSE	Golf Equipment	111.39
M	44	Married	Sales	FALSE	Outdoor Protection	161.22
M	22	Single	Sales	TRUE	Mountaineering Equipment	123.95
M	25	Unspecified	Sales	TRUE	Camping Equipment	122.31
M	20	Single	Other	FALSE	Mountaineering Equipment	121.47
M	30	Single	Other	FALSE	Mountaineering Equipment	137.24
F	43	Married	Executive	FALSE	Golf Equipment	155.8
F	43	Married	Executive	FALSE	Golf Equipment	159.82
F	36	Married	Other	FALSE	Outdoor Protection	135.84
M	32	Married	Sales	TRUE	Camping Equipment	148.47
M	32	Married	Sales	TRUE	Camping Equipment	150.03
M	32	Married	Sales	TRUE	Camping Equipment	151.09
M	32	Married	Sales	TRUE	Camping Equipment	151.53
M	21	Single	Student	TRUE	Personal Accessories	103.11
F	41	Married	Other	FALSE	Outdoor Protection	140.28
F	54	Married	Other	FALSE	Golf Equipment	105.91
F	33	Single	Professional	FALSE	Personal Accessories	125.74
F	31	Married	Other	FALSE	Camping Equipment	127.44
F	52	Married	Other	FALSE	Golf Equipment	114.57
F	34	Married	Other	FALSE	Camping Equipment	127.02
F	34	Married	Other	FALSE	Camping Equipment	134.43
F	34	Married	Other	FALSE	Camping Equipment	125.42
F	27	Single	Other	FALSE	Personal Accessories	113.26
F	24	Single	Other	FALSE	Personal Accessories	103.63
M	32	Single	Professional	TRUE	Camping Equipment	154.84
M	32	Single	Professional	TRUE	Camping Equipment	154.67
F	29	Single	Student	TRUE	Personal Accessories	92.05
M	31	Married	Other	FALSE	Camping Equipment	148.56
F	19	Single	Student	FALSE	Personal Accessories	71.49
F	19	Single	Student	FALSE	Personal Accessories	69.29
F	33	Married	Hospitality	FALSE	Personal Accessories	134.05
F	33	Married	Hospitality	FALSE	Personal Accessories	132.06
M	33	Unspecified	Professional	TRUE	Camping Equipment	135.83
F	48	Married	Other	FALSE	Golf Equipment	112.59
F	48	Married	Other	FALSE	Golf Equipment	107.35
F	41	Married	Other	FALSE	Outdoor Protection	140.52
F	41	Married	Other	FALSE	Outdoor Protection	140.49
F	41	Married	Other	FALSE	Outdoor Protection	137.17
M	30	Married	Other	FALSE	Camping Equipment	146.37
M	30	Married	Other	FALSE	Camping Equipment	153.47
F	68	Married	Retired	FALSE	Golf Equipment	104.25
F	68	Married	Retired	FALSE	Golf Equipment	104.04
M	49	Married	Professional	FALSE	Golf Equipment	139.98
M	49	Married	Professional	FALSE	Golf Equipment	144.01
M	43	Single	Other	FALSE	Outdoor Protection	152.61
F	38	Single	Professional	FALSE	Personal Accessories	141.82
M	22	Single	Executive	FALSE	Personal Accessories	142.74
M	22	Single	Executive	FALSE	Personal Accessories	143.37
M	20	Single	Sales	TRUE	Mountaineering Equipment	124.59
F	29	Single	Other	FALSE	Personal Accessories	113.47
M	29	Married	Executive	TRUE	Outdoor Protection	159.46
M	29	Married	Executive	TRUE	Outdoor Protection	161.38
F	33	Married	Professional	TRUE	Golf Equipment	142.17
M	33	Married	Other	FALSE	Camping Equipment	152.93
M	47	Unspecified	Other	FALSE	Golf Equipment	106.74
M	47	Unspecified	Other	FALSE	Golf Equipment	113.8
M	32	Married	Trades	TRUE	Camping Equipment	162.29
M	32	Married	Trades	TRUE	Camping Equipment	156.12
F	36	Unspecified	Professional	FALSE	Golf Equipment	133.3
F	35	Married	Professional	FALSE	Golf Equipment	153.95
F	51	Married	Other	FALSE	Golf Equipment	110.48
M	52	Unspecified	Other	FALSE	Golf Equipment	112.56
M	52	Unspecified	Other	FALSE	Golf Equipment	112.06
M	52	Unspecified	Other	FALSE	Golf Equipment	114.24
M	41	Married	Other	FALSE	Outdoor Protection	158.23
M	41	Married	Other	FALSE	Outdoor Protection	162.11
M	41	Married	Other	FALSE	Outdoor Protection	161.52
M	37	Married	Professional	FALSE	Golf Equipment	174.27
F	36	Single	Professional	FALSE	Personal Accessories	139.1
F	22	Single	Other	FALSE	Personal Accessories	96.13
F	31	Married	Other	FALSE	Camping Equipment	131.47
F	31	Married	Other	FALSE	Camping Equipment	129.06
F	31	Married	Other	FALSE	Camping Equipment	131
F	31	Married	Other	FALSE	Camping Equipment	132.84
F	31	Married	Other	FALSE	Camping Equipment	126.34
F	40	Married	Other	FALSE	Outdoor Protection	137.06
F	40	Married	Other	FALSE	Outdoor Protection	139.78
F	22	Single	Student	TRUE	Personal Accessories	76.77
M	31	Married	Other	FALSE	Camping Equipment	146.1
M	31	Married	Other	FALSE	Camping Equipment	151.96
M	43	Married	Sales	FALSE	Outdoor Protection	155.33
M	30	Single	Other	FALSE	Mountaineering Equipment	139
M	30	Single	Other	FALSE	Mountaineering Equipment	141.57
F	38	Married	Other	FALSE	Outdoor Protection	141.1
F	20	Single	Sales	FALSE	Personal Accessories	96.67
F	32	Single	Other	FALSE	Personal Accessories	117.18
M	33	Married	Other	FALSE	Camping Equipment	152.78
M	33	Married	Other	FALSE	Camping Equipment	146.29
F	65	Married	Retired	FALSE	Golf Equipment	100.25
M	44	Married	Executive	FALSE	Golf Equipment	182.62
M	20	Single	Professional	TRUE	Personal Accessories	126.79
M	32	Single	Trades	TRUE	Mountaineering Equipment	154.05
M	24	Single	Sales	TRUE	Mountaineering Equipment	116.29
M	24	Single	Sales	TRUE	Mountaineering Equipment	115.65
F	36	Married	Other	FALSE	Outdoor Protection	135.53
F	36	Married	Other	FALSE	Outdoor Protection	139.6
F	19	Single	Professional	FALSE	Personal Accessories	103.19
F	37	Unspecified	Hospitality	FALSE	Outdoor Protection	120.36
F	37	Unspecified	Hospitality	FALSE	Outdoor Protection	120.12
F	28	Single	Retail	FALSE	Personal Accessories	99.37
M	17	Single	Student	FALSE	Personal Accessories	87.93
M	50	Married	Professional	FALSE	Golf Equipment	137.51
M	50	Married	Professional	FALSE	Golf Equipment	135.24
M	50	Married	Professional	FALSE	Golf Equipment	139.68
M	31	Married	Other	FALSE	Camping Equipment	147.41
M	30	Married	Other	FALSE	Camping Equipment	152.19
F	41	Married	Other	FALSE	Outdoor Protection	135.34
F	41	Married	Other	FALSE	Outdoor Protection	140.14
M	29	Single	Sales	TRUE	Mountaineering Equipment	129.18
M	29	Single	Sales	TRUE	Mountaineering Equipment	125.43
M	29	Single	Sales	TRUE	Mountaineering Equipment	125.32
F	44	Married	Other	FALSE	Outdoor Protection	135.96
F	35	Single	Other	FALSE	Outdoor Protection	130.2
M	34	Married	Other	FALSE	Camping Equipment	150.19
M	34	Married	Other	FALSE	Camping Equipment	146.44
M	26	Single	Sales	TRUE	Mountaineering Equipment	130.12
M	42	Married	Other	FALSE	Outdoor Protection	162.09
M	25	Married	Other	TRUE	Camping Equipment	138.32
F	31	Married	Other	FALSE	Camping Equipment	134.89
F	37	Single	Professional	FALSE	Personal Accessories	140.11
F	31	Married	Other	FALSE	Camping Equipment	133.62
M	19	Single	Student	FALSE	Personal Accessories	87.76
M	43	Married	Other	FALSE	Outdoor Protection	156.66
M	38	Married	Trades	TRUE	Camping Equipment	174.64
M	38	Married	Trades	TRUE	Camping Equipment	166.42
M	28	Married	Other	TRUE	Camping Equipment	138.01
F	38	Single	Professional	FALSE	Personal Accessories	138.3
M	49	Unspecified	Trades	FALSE	Camping Equipment	115.12
M	33	Married	Professional	TRUE	Camping Equipment	160.42
M	33	Married	Professional	TRUE	Camping Equipment	158.61
M	46	Married	Professional	FALSE	Golf Equipment	135.98
M	30	Single	Other	FALSE	Mountaineering Equipment	138.08
M	30	Single	Other	FALSE	Mountaineering Equipment	135.17
M	30	Single	Other	FALSE	Mountaineering Equipment	144.92
M	30	Single	Other	FALSE	Mountaineering Equipment	141.16
F	28	Single	Other	FALSE	Personal Accessories	109.71
F	20	Single	Other	FALSE	Personal Accessories	103.74
M	23	Single	Sales	TRUE	Mountaineering Equipment	121.93
M	44	Married	Sales	FALSE	Outdoor Protection	158.57
M	44	Married	Sales	FALSE	Outdoor Protection	158.91
M	37	Single	Sales	FALSE	Outdoor Protection	147.28
M	37	Single	Sales	FALSE	Outdoor Protection	152.61
F	42	Married	Other	FALSE	Outdoor Protection	142.73
F	42	Married	Other	FALSE	Outdoor Protection	141.82
M	38	Married	Executive	FALSE	Golf Equipment	178.05
M	27	Married	Other	TRUE	Camping Equipment	141.86
F	31	Married	Other	FALSE	Camping Equipment	130.23
M	35	Married	Trades	TRUE	Camping Equipment	170.21
M	35	Married	Trades	TRUE	Camping Equipment	168.3
M	35	Married	Trades	TRUE	Camping Equipment	167.52
F	34	Married	Executive	FALSE	Golf Equipment	154.04
F	44	Married	Other	FALSE	Outdoor Protection	139.76
M	35	Married	Other	FALSE	Outdoor Protection	163.22
F	25	Single	Professional	TRUE	Personal Accessories	120.03
M	29	Single	Other	FALSE	Mountaineering Equipment	129.09
M	29	Single	Other	FALSE	Mountaineering Equipment	127.94
M	25	Single	Professional	TRUE	Camping Equipment	140.5
M	26	Single	Other	FALSE	Mountaineering Equipment	128.9
F	19	Single	Professional	FALSE	Personal Accessories	101.99
M	33	Married	Professional	TRUE	Camping Equipment	162.05
F	35	Married	Other	FALSE	Outdoor Protection	137.19
F	35	Married	Other	FALSE	Outdoor Protection	136.24
F	48	Married	Executive	FALSE	Golf Equipment	133.27
M	27	Single	Sales	TRUE	Mountaineering Equipment	128.07
M	43	Married	Executive	FALSE	Golf Equipment	182.28
M	43	Married	Executive	FALSE	Golf Equipment	175.8
F	25	Single	Other	FALSE	Personal Accessories	113.37
F	48	Unspecified	Hospitality	FALSE	Personal Accessories	88.13
F	48	Unspecified	Hospitality	FALSE	Personal Accessories	88.93
M	27	Married	Sales	TRUE	Camping Equipment	137.28
M	19	Single	Trades	FALSE	Personal Accessories	116.6
M	19	Single	Trades	FALSE	Personal Accessories	124.96
M	19	Single	Trades	FALSE	Personal Accessories	119.44
M	36	Married	Executive	FALSE	Golf Equipment	184.06
M	36	Married	Executive	FALSE	Golf Equipment	184.91
F	41	Married	Executive	FALSE	Golf Equipment	160.46
F	23	Single	Other	FALSE	Personal Accessories	98.42
M	40	Married	Other	FALSE	Outdoor Protection	159.81
F	49	Married	Other	FALSE	Golf Equipment	109.28
F	21	Single	Other	FALSE	Personal Accessories	98.59
F	24	Single	Student	TRUE	Personal Accessories	81.51
F	49	Married	Other	FALSE	Golf Equipment	110.26
F	49	Married	Other	FALSE	Golf Equipment	113.7
F	27	Married	Other	FALSE	Camping Equipment	115.74
M	42	Married	Other	FALSE	Outdoor Protection	157.75
M	42	Married	Other	FALSE	Outdoor Protection	158.27
F	21	Single	Retail	FALSE	Personal Accessories	89.56
M	41	Married	Other	FALSE	Outdoor Protection	157.48
M	27	Single	Other	FALSE	Mountaineering Equipment	133.56
M	27	Single	Other	FALSE	Mountaineering Equipment	134.36
F	20	Single	Other	FALSE	Personal Accessories	102.68
F	23	Single	Student	TRUE	Personal Accessories	78.81
M	29	Single	Other	FALSE	Mountaineering Equipment	128.79
F	23	Single	Retail	FALSE	Personal Accessories	86.02
M	49	Unspecified	Other	FALSE	Golf Equipment	106.72
F	29	Single	Sales	FALSE	Personal Accessories	112.66
F	26	Married	Retail	FALSE	Camping Equipment	113.61
M	30	Married	Other	FALSE	Camping Equipment	146.37
M	30	Married	Other	FALSE	Camping Equipment	150.33
F	26	Single	Sales	FALSE	Personal Accessories	114.2
M	50	Married	Professional	FALSE	Golf Equipment	141.6
M	50	Married	Professional	FALSE	Golf Equipment	141.32
M	27	Married	Other	TRUE	Camping Equipment	141.46
M	27	Married	Other	TRUE	Camping Equipment	143.89
M	49	Married	Professional	FALSE	Golf Equipment	136.03
M	22	Single	Sales	TRUE	Mountaineering Equipment	124.69
M	35	Married	Sales	FALSE	Outdoor Protection	157.43
F	59	Married	Other	FALSE	Golf Equipment	107.4
M	37	Married	Trades	TRUE	Camping Equipment	166.1
F	39	Married	Other	FALSE	Outdoor Protection	140.19
F	39	Married	Other	FALSE	Outdoor Protection	136.93
M	28	Single	Professional	TRUE	Camping Equipment	136.18
M	28	Single	Professional	TRUE	Camping Equipment	142.8
M	40	Married	Other	FALSE	Outdoor Protection	159.82
M	40	Married	Other	FALSE	Outdoor Protection	155.29
M	40	Married	Other	FALSE	Outdoor Protection	157.5
M	26	Single	Trades	TRUE	Mountaineering Equipment	137.23
M	26	Single	Trades	TRUE	Mountaineering Equipment	143.83
F	39	Married	Professional	FALSE	Golf Equipment	151.25
M	42	Single	Professional	FALSE	Outdoor Protection	163.2
M	42	Single	Professional	FALSE	Outdoor Protection	164.06
M	20	Single	Retail	FALSE	Personal Accessories	111.95
M	20	Single	Retail	FALSE	Personal Accessories	106.95
F	24	Single	Other	FALSE	Personal Accessories	98.78
F	24	Single	Other	FALSE	Personal Accessories	99.18
M	36	Married	Executive	FALSE	Golf Equipment	176.98
F	30	Married	Other	FALSE	Camping Equipment	131.52
F	30	Married	Other	FALSE	Camping Equipment	128.9
F	30	Married	Other	FALSE	Camping Equipment	126.66
M	51	Married	Retired	FALSE	Golf Equipment	117.31
M	51	Married	Retired	FALSE	Golf Equipment	120.6
M	29	Single	Other	FALSE	Mountaineering Equipment	129.62
M	29	Single	Other	FALSE	Mountaineering Equipment	126.81
M	21	Single	Other	FALSE	Mountaineering Equipment	124.11
M	28	Single	Trades	TRUE	Mountaineering Equipment	136.15
F	30	Married	Professional	TRUE	Golf Equipment	136.41
F	22	Single	Student	TRUE	Personal Accessories	79.81
F	22	Single	Student	TRUE	Personal Accessories	75.9
M	38	Single	Sales	FALSE	Outdoor Protection	150.45
F	36	Married	Professional	FALSE	Golf Equipment	146.63
F	36	Married	Professional	FALSE	Golf Equipment	148.03
F	28	Single	Professional	TRUE	Personal Accessories	123.06
M	29	Single	Executive	FALSE	Mountaineering Equipment	148.28
M	37	Married	Student	FALSE	Camping Equipment	144.34
M	37	Married	Student	FALSE	Camping Equipment	141.84
M	38	Married	Sales	FALSE	Outdoor Protection	164.05
M	53	Married	Professional	FALSE	Golf Equipment	139.64
M	53	Married	Professional	FALSE	Golf Equipment	144.64
M	53	Married	Professional	FALSE	Golf Equipment	138.38
M	33	Married	Other	FALSE	Camping Equipment	153.98
F	31	Single	Retail	FALSE	Personal Accessories	110.66
F	44	Unspecified	Hospitality	FALSE	Outdoor Protection	119.96
F	20	Single	Professional	TRUE	Personal Accessories	114.96
F	35	Married	Other	FALSE	Outdoor Protection	135.95
F	33	Married	Professional	TRUE	Golf Equipment	139.48
M	36	Married	Other	FALSE	Outdoor Protection	162.14
F	48	Married	Other	FALSE	Golf Equipment	114.7
F	27	Single	Sales	FALSE	Personal Accessories	110.03
F	27	Single	Sales	FALSE	Personal Accessories	108.76
M	31	Married	Other	FALSE	Camping Equipment	151.2
M	31	Married	Other	FALSE	Camping Equipment	154.73
M	31	Married	Other	FALSE	Camping Equipment	151.68
M	31	Married	Other	FALSE	Camping Equipment	151.96
M	24	Single	Sales	TRUE	Mountaineering Equipment	120.66
M	20	Single	Professional	TRUE	Personal Accessories	130.21
F	28	Married	Sales	TRUE	Camping Equipment	122.81
F	30	Married	Executive	FALSE	Golf Equipment	154.98
F	29	Single	Retail	FALSE	Personal Accessories	97.35
M	36	Married	Other	FALSE	Outdoor Protection	158.4
M	36	Married	Other	FALSE	Outdoor Protection	160.74
F	20	Single	Retail	FALSE	Personal Accessories	85.66
M	19	Single	Student	FALSE	Personal Accessories	86.31
M	28	Single	Other	FALSE	Mountaineering Equipment	134.34
M	28	Single	Other	FALSE	Mountaineering Equipment	126.55
F	20	Single	Other	FALSE	Personal Accessories	101.79
F	34	Married	Other	FALSE	Camping Equipment	132.92
F	34	Married	Other	FALSE	Camping Equipment	128.75
F	22	Single	Sales	FALSE	Personal Accessories	103.27
M	23	Single	Student	TRUE	Personal Accessories	97.03
M	42	Married	Other	FALSE	Outdoor Protection	161.23
M	42	Married	Other	FALSE	Outdoor Protection	159.55
M	42	Married	Other	FALSE	Outdoor Protection	157.52
F	19	Single	Other	FALSE	Personal Accessories	92.81
F	19	Single	Other	FALSE	Personal Accessories	86.27
M	39	Single	Executive	FALSE	Outdoor Protection	171.5
M	39	Single	Executive	FALSE	Outdoor Protection	173.73
M	35	Married	Executive	FALSE	Golf Equipment	175.9
M	27	Single	Trades	TRUE	Mountaineering Equipment	141.29
F	29	Married	Retail	FALSE	Camping Equipment	111.27
F	20	Single	Other	FALSE	Personal Accessories	101.18
M	23	Single	Trades	TRUE	Mountaineering Equipment	125.77
M	41	Single	Executive	FALSE	Outdoor Protection	168
M	41	Single	Executive	FALSE	Outdoor Protection	169.67
M	46	Unspecified	Other	FALSE	Golf Equipment	113.29
M	46	Unspecified	Other	FALSE	Golf Equipment	111.16
M	46	Unspecified	Other	FALSE	Golf Equipment	106.93
M	46	Unspecified	Other	FALSE	Golf Equipment	111.53
M	23	Single	Student	TRUE	Personal Accessories	101.23
M	35	Married	Trades	TRUE	Camping Equipment	172.95
M	30	Married	Executive	FALSE	Golf Equipment	167.7
M	44	Married	Other	FALSE	Outdoor Protection	164.85
M	33	Married	Sales	TRUE	Camping Equipment	150.92
F	30	Married	Other	FALSE	Camping Equipment	127.9
M	35	Single	Other	FALSE	Outdoor Protection	147.96
F	22	Single	Student	TRUE	Personal Accessories	84.6
F	22	Single	Student	TRUE	Personal Accessories	76.35
M	23	Single	Student	TRUE	Personal Accessories	103.55
M	23	Single	Student	TRUE	Personal Accessories	97.68
M	23	Single	Student	TRUE	Personal Accessories	97.22
M	48	Married	Other	FALSE	Golf Equipment	125.56
M	48	Married	Other	FALSE	Golf Equipment	128.29
M	51	Married	Other	FALSE	Golf Equipment	127.66
M	32	Married	Other	FALSE	Camping Equipment	151.5
F	34	Married	Retail	FALSE	Camping Equipment	119.75
F	34	Married	Retail	FALSE	Camping Equipment	121.44
F	43	Unspecified	Sales	FALSE	Outdoor Protection	124.71
M	19	Single	Other	FALSE	Personal Accessories	107.84
M	19	Single	Other	FALSE	Personal Accessories	107.08
M	20	Single	Other	FALSE	Mountaineering Equipment	122.49
M	28	Married	Sales	TRUE	Camping Equipment	135.77
F	25	Married	Executive	FALSE	Personal Accessories	139.11
M	24	Single	Student	TRUE	Personal Accessories	101.11
M	52	Married	Professional	FALSE	Golf Equipment	143.48
M	52	Married	Professional	FALSE	Golf Equipment	139.56
F	31	Married	Other	FALSE	Camping Equipment	126.79
M	44	Married	Other	FALSE	Outdoor Protection	163.43
M	28	Single	Professional	TRUE	Camping Equipment	135.57
M	28	Single	Professional	TRUE	Camping Equipment	139.58
M	43	Married	Other	FALSE	Outdoor Protection	163.44
M	43	Married	Other	FALSE	Outdoor Protection	156.7
F	66	Unspecified	Hospitality	FALSE	Personal Accessories	91.61
F	44	Married	Other	FALSE	Outdoor Protection	138.91
M	30	Unspecified	Sales	FALSE	Camping Equipment	126.76
M	30	Unspecified	Sales	FALSE	Camping Equipment	129.34
M	30	Unspecified	Sales	FALSE	Camping Equipment	132.65
M	55	Married	Professional	FALSE	Golf Equipment	142.49
F	39	Unspecified	Professional	FALSE	Golf Equipment	129.8
F	45	Married	Other	FALSE	Golf Equipment	112.61
F	32	Single	Professional	FALSE	Personal Accessories	129.68
M	43	Married	Other	FALSE	Outdoor Protection	161.7
F	29	Single	Retail	FALSE	Personal Accessories	101.22
M	51	Unspecified	Other	FALSE	Golf Equipment	108.47
M	51	Unspecified	Other	FALSE	Golf Equipment	114.92
F	34	Married	Other	FALSE	Camping Equipment	133.09
M	31	Single	Trades	TRUE	Mountaineering Equipment	153.62
M	38	Married	Sales	FALSE	Outdoor Protection	161.11
M	26	Single	Professional	TRUE	Camping Equipment	142.34
M	26	Single	Professional	TRUE	Camping Equipment	136.65
M	29	Single	Professional	TRUE	Camping Equipment	143.5
F	33	Married	Executive	FALSE	Golf Equipment	154.83
F	33	Married	Executive	FALSE	Golf Equipment	151.51
F	31	Married	Other	FALSE	Camping Equipment	130.89
F	31	Married	Other	FALSE	Camping Equipment	130.14
F	31	Married	Other	FALSE	Camping Equipment	127.46
F	32	Married	Professional	TRUE	Golf Equipment	137.05
F	26	Single	Professional	TRUE	Personal Accessories	120.02
F	26	Single	Professional	TRUE	Personal Accessories	116.7
F	26	Single	Professional	TRUE	Personal Accessories	122.8
F	45	Married	Other	FALSE	Golf Equipment	112.76
F	45	Married	Other	FALSE	Golf Equipment	109.29
F	45	Married	Other	FALSE	Golf Equipment	110.02
F	35	Married	Other	FALSE	Outdoor Protection	142.43
F	35	Married	Other	FALSE	Outdoor Protection	139.48
F	49	Married	Other	FALSE	Golf Equipment	109.78
F	27	Single	Other	FALSE	Personal Accessories	110.86
F	29	Single	Professional	TRUE	Personal Accessories	122.68
F	29	Married	Sales	TRUE	Camping Equipment	117.04
M	36	Married	Other	FALSE	Outdoor Protection	156.86
M	28	Single	Executive	FALSE	Mountaineering Equipment	153.25
F	27	Single	Other	FALSE	Personal Accessories	108.24
F	27	Single	Other	FALSE	Personal Accessories	110.04
F	33	Married	Executive	FALSE	Golf Equipment	148.96
F	33	Married	Executive	FALSE	Golf Equipment	146.85
M	19	Single	Other	FALSE	Personal Accessories	107.26
F	29	Married	Other	FALSE	Camping Equipment	124.26
M	34	Married	Sales	TRUE	Camping Equipment	148.04
M	20	Single	Other	FALSE	Mountaineering Equipment	123.33
M	20	Single	Other	FALSE	Mountaineering Equipment	119
M	36	Married	Executive	FALSE	Golf Equipment	184.46
M	36	Married	Executive	FALSE	Golf Equipment	177.11
F	29	Single	Student	TRUE	Personal Accessories	86.98
M	31	Married	Executive	FALSE	Golf Equipment	170.92
M	31	Married	Executive	FALSE	Golf Equipment	167.33
M	51	Married	Other	FALSE	Golf Equipment	126.42
M	51	Married	Other	FALSE	Golf Equipment	130.4
F	27	Married	Professional	TRUE	Camping Equipment	127.33
F	24	Single	Hospitality	FALSE	Personal Accessories	99.77
M	35	Single	Other	FALSE	Outdoor Protection	145.13
M	35	Single	Other	FALSE	Outdoor Protection	153.67
M	43	Married	Sales	FALSE	Outdoor Protection	159.71
F	39	Unspecified	Hospitality	FALSE	Outdoor Protection	123.76
F	39	Unspecified	Hospitality	FALSE	Outdoor Protection	122.51
F	19	Single	Other	FALSE	Personal Accessories	86.03
F	46	Married	Other	FALSE	Golf Equipment	112.24
F	46	Married	Other	FALSE	Golf Equipment	111
M	21	Single	Professional	TRUE	Personal Accessories	131.71
F	44	Married	Other	FALSE	Outdoor Protection	139.78
F	45	Married	Executive	FALSE	Golf Equipment	125.58
F	45	Married	Executive	FALSE	Golf Equipment	128.13
F	45	Married	Executive	FALSE	Golf Equipment	134.95
F	45	Married	Executive	FALSE	Golf Equipment	127.13
F	45	Married	Executive	FALSE	Golf Equipment	132.5
M	17	Single	Student	FALSE	Personal Accessories	89.66
M	17	Single	Student	FALSE	Personal Accessories	86.08
M	43	Unspecified	Other	FALSE	Outdoor Protection	136.67
M	43	Unspecified	Other	FALSE	Outdoor Protection	143.15
M	29	Single	Professional	TRUE	Camping Equipment	137.26
F	43	Married	Executive	FALSE	Golf Equipment	160.94
M	40	Single	Sales	FALSE	Outdoor Protection	154.26
M	40	Single	Sales	FALSE	Outdoor Protection	153.46
M	28	Single	Professional	TRUE	Camping Equipment	136.73
M	23	Single	Sales	TRUE	Mountaineering Equipment	122.11
F	38	Married	Other	FALSE	Outdoor Protection	135.01
F	38	Married	Other	FALSE	Outdoor Protection	138.25
F	33	Single	Other	FALSE	Personal Accessories	115.46
F	58	Unspecified	Hospitality	FALSE	Personal Accessories	93.72
F	58	Unspecified	Hospitality	FALSE	Personal Accessories	90.06
F	58	Unspecified	Hospitality	FALSE	Personal Accessories	91.11
F	36	Married	Other	FALSE	Outdoor Protection	139.96
F	36	Married	Other	FALSE	Outdoor Protection	135.78
F	60	Unspecified	Hospitality	FALSE	Personal Accessories	86.69
F	60	Unspecified	Hospitality	FALSE	Personal Accessories	88.67
M	33	Unspecified	Professional	TRUE	Camping Equipment	135.8
M	33	Unspecified	Professional	TRUE	Camping Equipment	143.75
F	28	Single	Other	FALSE	Personal Accessories	113.87
M	45	Unspecified	Other	FALSE	Golf Equipment	112.71
M	45	Unspecified	Other	FALSE	Golf Equipment	110.68
M	45	Unspecified	Other	FALSE	Golf Equipment	113.08
M	45	Unspecified	Other	FALSE	Golf Equipment	105.86
F	47	Married	Professional	FALSE	Golf Equipment	122.34
F	38	Married	Other	FALSE	Outdoor Protection	142.71
F	38	Married	Other	FALSE	Outdoor Protection	139.77
F	38	Married	Other	FALSE	Outdoor Protection	140.09
M	21	Single	Retail	FALSE	Personal Accessories	114.07
F	56	Married	Other	FALSE	Golf Equipment	113.53
F	20	Single	Hospitality	FALSE	Personal Accessories	96.91
F	20	Single	Hospitality	FALSE	Personal Accessories	103.53
M	39	Married	Other	FALSE	Outdoor Protection	160.12
F	21	Single	Student	TRUE	Personal Accessories	77.99
M	35	Unspecified	Trades	TRUE	Camping Equipment	153.3
M	29	Single	Professional	TRUE	Camping Equipment	135.85
M	21	Single	Other	FALSE	Mountaineering Equipment	124.23
M	21	Single	Other	FALSE	Mountaineering Equipment	115.86
M	50	Married	Other	FALSE	Golf Equipment	125.88
M	50	Married	Other	FALSE	Golf Equipment	125.81
F	19	Single	Retail	FALSE	Personal Accessories	81.62
F	45	Married	Professional	FALSE	Golf Equipment	118.55
F	18	Single	Professional	FALSE	Personal Accessories	102.78
F	18	Single	Professional	FALSE	Personal Accessories	101.44
M	58	Married	Trades	FALSE	Camping Equipment	143.07
F	41	Married	Sales	FALSE	Outdoor Protection	138.27
F	19	Single	Other	FALSE	Personal Accessories	91.59
F	19	Single	Retail	FALSE	Personal Accessories	80.42
F	28	Single	Other	FALSE	Personal Accessories	112.64
F	28	Single	Other	FALSE	Personal Accessories	107.38
F	28	Single	Other	FALSE	Personal Accessories	108.63
M	42	Married	Sales	FALSE	Outdoor Protection	162.14
M	42	Married	Sales	FALSE	Outdoor Protection	155.33
M	29	Single	Other	FALSE	Mountaineering Equipment	126.61
M	29	Single	Other	FALSE	Mountaineering Equipment	132.51
M	23	Single	Trades	TRUE	Mountaineering Equipment	129.86
M	23	Single	Trades	TRUE	Mountaineering Equipment	134.3
F	36	Single	Other	FALSE	Outdoor Protection	125.39
F	33	Married	Executive	FALSE	Golf Equipment	147.61
M	38	Married	Trades	TRUE	Camping Equipment	173.23
F	27	Single	Other	FALSE	Personal Accessories	105.75
F	47	Married	Executive	FALSE	Golf Equipment	126.79
M	36	Married	Trades	TRUE	Camping Equipment	171.04
M	36	Married	Trades	TRUE	Camping Equipment	172.53
F	23	Single	Professional	TRUE	Personal Accessories	106.52
F	22	Single	Professional	TRUE	Personal Accessories	111.92
F	22	Single	Professional	TRUE	Personal Accessories	109
M	33	Married	Other	FALSE	Camping Equipment	149.02
M	33	Married	Other	FALSE	Camping Equipment	154.23
F	27	Single	Other	FALSE	Personal Accessories	114.6
M	42	Married	Professional	FALSE	Golf Equipment	173.36
M	42	Married	Professional	FALSE	Golf Equipment	173.69
M	28	Single	Other	FALSE	Mountaineering Equipment	132.62
M	28	Single	Other	FALSE	Mountaineering Equipment	129.78
M	57	Married	Professional	FALSE	Golf Equipment	138.38
M	19	Single	Student	FALSE	Personal Accessories	91.57
M	32	Married	Sales	TRUE	Camping Equipment	148.33
M	21	Single	Other	FALSE	Mountaineering Equipment	120.29
M	21	Single	Other	FALSE	Mountaineering Equipment	123.16
F	29	Single	Professional	TRUE	Personal Accessories	119.86
F	48	Married	Other	FALSE	Golf Equipment	111.34
F	43	Married	Sales	FALSE	Outdoor Protection	137.78
F	40	Married	Retail	FALSE	Outdoor Protection	128.81
M	38	Married	Executive	FALSE	Golf Equipment	177.49
M	38	Married	Executive	FALSE	Golf Equipment	177.94
F	49	Married	Hospitality	FALSE	Outdoor Protection	105.75
F	49	Married	Hospitality	FALSE	Outdoor Protection	111.33
M	21	Single	Other	FALSE	Mountaineering Equipment	116.69
F	35	Married	Other	FALSE	Outdoor Protection	142.01
F	35	Married	Other	FALSE	Outdoor Protection	138.59
M	42	Married	Trades	TRUE	Camping Equipment	167.34
M	31	Single	Trades	TRUE	Mountaineering Equipment	148.11
M	31	Single	Trades	TRUE	Mountaineering Equipment	147.67
M	25	Single	Sales	TRUE	Mountaineering Equipment	133.3
M	25	Single	Sales	TRUE	Mountaineering Equipment	129.85
M	25	Single	Sales	TRUE	Mountaineering Equipment	132.83
F	45	Married	Hospitality	FALSE	Outdoor Protection	105.23
F	45	Married	Hospitality	FALSE	Outdoor Protection	106.83
F	39	Unspecified	Professional	FALSE	Golf Equipment	129.94
F	39	Unspecified	Professional	FALSE	Golf Equipment	125.65
F	35	Married	Other	FALSE	Outdoor Protection	140.78
F	35	Married	Other	FALSE	Outdoor Protection	138.3
M	28	Single	Trades	TRUE	Mountaineering Equipment	139.71
M	29	Single	Trades	TRUE	Mountaineering Equipment	142.14
M	29	Single	Trades	TRUE	Mountaineering Equipment	142.12
M	28	Married	Sales	TRUE	Camping Equipment	143.81
M	20	Single	Student	TRUE	Personal Accessories	102.6
F	36	Single	Other	FALSE	Outdoor Protection	133.85
F	63	Unspecified	Hospitality	FALSE	Personal Accessories	93.46
F	48	Married	Other	FALSE	Golf Equipment	114.58
M	44	Married	Executive	FALSE	Golf Equipment	183.53
M	44	Married	Executive	FALSE	Golf Equipment	182.17
M	44	Married	Executive	FALSE	Golf Equipment	178.97
M	38	Married	Trades	TRUE	Camping Equipment	165.62
F	35	Married	Other	FALSE	Outdoor Protection	144.11
F	35	Married	Other	FALSE	Outdoor Protection	141.3
F	26	Single	Professional	TRUE	Personal Accessories	120.73
M	32	Single	Professional	TRUE	Camping Equipment	146.5
M	34	Single	Other	FALSE	Mountaineering Equipment	135.58
M	34	Single	Other	FALSE	Mountaineering Equipment	141.21
M	34	Single	Professional	TRUE	Camping Equipment	147.65
M	34	Single	Sales	FALSE	Mountaineering Equipment	144.53
M	34	Single	Sales	FALSE	Mountaineering Equipment	136.14
M	52	Married	Other	FALSE	Golf Equipment	126.2
M	52	Married	Other	FALSE	Golf Equipment	132.91
M	52	Married	Other	FALSE	Golf Equipment	130.34
M	52	Married	Other	FALSE	Golf Equipment	133.41
F	53	Unspecified	Sales	FALSE	Personal Accessories	85.14
F	44	Married	Other	FALSE	Outdoor Protection	137.82
M	19	Single	Executive	FALSE	Personal Accessories	126.71
M	19	Single	Executive	FALSE	Personal Accessories	125.03
M	40	Married	Other	FALSE	Outdoor Protection	162.32
F	42	Married	Executive	FALSE	Golf Equipment	163.37
F	42	Married	Executive	FALSE	Golf Equipment	160.28
F	42	Married	Executive	FALSE	Golf Equipment	163.05
F	42	Married	Executive	FALSE	Golf Equipment	157.26
M	26	Single	Professional	TRUE	Camping Equipment	139.41
M	26	Single	Professional	TRUE	Camping Equipment	135.22
F	23	Single	Hospitality	FALSE	Personal Accessories	99.34
F	35	Unspecified	Hospitality	FALSE	Outdoor Protection	121.76
M	39	Unspecified	Trades	TRUE	Camping Equipment	153.57
M	40	Married	Trades	TRUE	Camping Equipment	173.43
F	65	Married	Retired	FALSE	Golf Equipment	95.19
F	27	Single	Retail	FALSE	Personal Accessories	99.59
M	19	Single	Sales	FALSE	Personal Accessories	112.48
M	28	Married	Professional	TRUE	Camping Equipment	147.3
F	35	Married	Sales	FALSE	Outdoor Protection	138.13
M	34	Single	Other	FALSE	Mountaineering Equipment	143.5
M	34	Single	Other	FALSE	Mountaineering Equipment	140.28
M	27	Single	Sales	TRUE	Mountaineering Equipment	129.98
M	27	Single	Sales	TRUE	Mountaineering Equipment	131.13
F	39	Married	Other	FALSE	Outdoor Protection	140.87
F	26	Single	Retail	FALSE	Personal Accessories	103.13
F	26	Single	Retail	FALSE	Personal Accessories	100.07
F	34	Married	Hospitality	FALSE	Personal Accessories	128.04
F	34	Married	Hospitality	FALSE	Personal Accessories	126.35
F	29	Single	Student	TRUE	Personal Accessories	85.65
M	19	Single	Other	FALSE	Personal Accessories	112.37
M	19	Single	Other	FALSE	Personal Accessories	107.4
F	49	Married	Other	FALSE	Golf Equipment	111.17
F	49	Married	Other	FALSE	Golf Equipment	113.01
F	49	Married	Other	FALSE	Golf Equipment	111.04
M	38	Married	Trades	TRUE	Camping Equipment	172.61
M	38	Married	Trades	TRUE	Camping Equipment	166.28
F	29	Single	Professional	TRUE	Personal Accessories	124.02
F	29	Single	Professional	TRUE	Personal Accessories	121.36
F	29	Single	Professional	TRUE	Personal Accessories	117.22
F	29	Single	Professional	TRUE	Personal Accessories	118.79
M	20	Single	Student	TRUE	Personal Accessories	96.59
F	28	Single	Student	TRUE	Personal Accessories	92.41
M	36	Unspecified	Trades	TRUE	Camping Equipment	152.55
M	34	Married	Trades	TRUE	Camping Equipment	164.22
M	34	Married	Trades	TRUE	Camping Equipment	156.11
F	31	Married	Other	FALSE	Camping Equipment	127.08
F	31	Married	Other	FALSE	Camping Equipment	131.42
F	33	Married	Hospitality	FALSE	Personal Accessories	134.4
F	33	Single	Professional	FALSE	Personal Accessories	131.36
F	33	Single	Professional	FALSE	Personal Accessories	134.29
F	46	Married	Retired	FALSE	Golf Equipment	101.5
F	63	Married	Retired	FALSE	Golf Equipment	98.49
F	63	Married	Retired	FALSE	Golf Equipment	100.55
F	34	Single	Professional	FALSE	Personal Accessories	129.02
M	37	Single	Other	FALSE	Outdoor Protection	151.11
M	37	Single	Other	FALSE	Outdoor Protection	153.12
M	20	Single	Sales	TRUE	Mountaineering Equipment	122.15
M	20	Single	Sales	TRUE	Mountaineering Equipment	124.83
M	35	Single	Professional	FALSE	Outdoor Protection	162.93
M	35	Single	Professional	FALSE	Outdoor Protection	156.76
M	35	Single	Professional	FALSE	Outdoor Protection	156.2
M	20	Single	Other	FALSE	Mountaineering Equipment	124.34
F	39	Married	Other	FALSE	Outdoor Protection	139.72
F	37	Married	Other	FALSE	Outdoor Protection	139.99
F	37	Married	Other	FALSE	Outdoor Protection	141.03
F	24	Single	Professional	TRUE	Personal Accessories	113.83
M	49	Married	Other	FALSE	Golf Equipment	133.04
F	39	Married	Other	FALSE	Outdoor Protection	142.36
F	49	Married	Retired	FALSE	Golf Equipment	104.95
F	36	Unspecified	Hospitality	FALSE	Outdoor Protection	120.39
F	36	Unspecified	Hospitality	FALSE	Outdoor Protection	122.1
F	36	Unspecified	Hospitality	FALSE	Outdoor Protection	123.9
M	25	Single	Trades	TRUE	Mountaineering Equipment	139.21
M	25	Single	Trades	TRUE	Mountaineering Equipment	141.39
M	43	Married	Professional	FALSE	Golf Equipment	173.8
M	43	Married	Professional	FALSE	Golf Equipment	166.35
F	34	Married	Other	FALSE	Camping Equipment	125.54
F	36	Married	Executive	FALSE	Golf Equipment	155.78
F	36	Married	Executive	FALSE	Golf Equipment	159.29
F	36	Married	Executive	FALSE	Golf Equipment	157.52
F	41	Married	Sales	FALSE	Outdoor Protection	144.75
F	30	Married	Other	FALSE	Camping Equipment	127.56
M	28	Single	Other	FALSE	Mountaineering Equipment	127.79
M	43	Married	Executive	FALSE	Golf Equipment	181.59
M	58	Married	Other	FALSE	Golf Equipment	125.87
F	28	Single	Other	FALSE	Personal Accessories	112.1
M	36	Unspecified	Trades	TRUE	Camping Equipment	151.67
F	58	Unspecified	Hospitality	FALSE	Personal Accessories	92.49
F	45	Unspecified	Hospitality	FALSE	Personal Accessories	87.58
F	45	Unspecified	Hospitality	FALSE	Personal Accessories	91.36
F	45	Unspecified	Hospitality	FALSE	Personal Accessories	94.75
F	47	Married	Other	FALSE	Golf Equipment	107.29
M	40	Married	Other	FALSE	Outdoor Protection	161.08
F	45	Married	Other	FALSE	Golf Equipment	107.32
M	29	Married	Professional	TRUE	Camping Equipment	147.29
F	36	Unspecified	Other	FALSE	Outdoor Protection	119.54
F	36	Unspecified	Other	FALSE	Outdoor Protection	120.65
M	41	Single	Executive	FALSE	Outdoor Protection	174.68
M	41	Single	Executive	FALSE	Outdoor Protection	170.53
M	41	Single	Executive	FALSE	Outdoor Protection	172.34
M	40	Married	Other	FALSE	Outdoor Protection	155.01
M	40	Married	Other	FALSE	Outdoor Protection	157.77
M	40	Married	Other	FALSE	Outdoor Protection	155.74
M	40	Married	Other	FALSE	Outdoor Protection	162.49
M	29	Single	Other	FALSE	Mountaineering Equipment	130.12
F	20	Single	Retail	FALSE	Personal Accessories	94.56
M	43	Married	Executive	FALSE	Golf Equipment	183.9
M	43	Married	Executive	FALSE	Golf Equipment	183.86
M	43	Married	Executive	FALSE	Golf Equipment	175.93
M	19	Single	Sales	FALSE	Personal Accessories	108.88
M	19	Single	Sales	FALSE	Personal Accessories	113.16
M	19	Single	Sales	FALSE	Personal Accessories	113.68
F	36	Unspecified	Hospitality	FALSE	Outdoor Protection	115.4
F	36	Unspecified	Hospitality	FALSE	Outdoor Protection	119.58
M	35	Married	Sales	FALSE	Outdoor Protection	159.15
F	21	Single	Professional	TRUE	Personal Accessories	109.28
F	21	Single	Professional	TRUE	Personal Accessories	108.31
F	38	Single	Other	FALSE	Outdoor Protection	131.96
F	31	Married	Other	FALSE	Camping Equipment	132.72
F	49	Married	Other	FALSE	Golf Equipment	110.44
M	26	Single	Trades	TRUE	Mountaineering Equipment	136.52
F	48	Married	Executive	FALSE	Golf Equipment	130.07
F	41	Married	Executive	FALSE	Golf Equipment	159.2
F	41	Married	Executive	FALSE	Golf Equipment	162.21
M	22	Single	Professional	TRUE	Personal Accessories	125.76
M	32	Married	Professional	TRUE	Camping Equipment	163.69
M	32	Married	Professional	TRUE	Camping Equipment	164.06
M	40	Married	Other	FALSE	Outdoor Protection	156.63
M	40	Married	Other	FALSE	Outdoor Protection	160.12
M	40	Married	Other	FALSE	Outdoor Protection	156.86
F	38	Single	Other	FALSE	Outdoor Protection	128.82
F	35	Single	Professional	FALSE	Personal Accessories	142
M	27	Single	Professional	TRUE	Camping Equipment	144.45
M	27	Single	Professional	TRUE	Camping Equipment	135.21
M	36	Single	Executive	FALSE	Outdoor Protection	172.17
M	36	Single	Executive	FALSE	Outdoor Protection	170.86
M	36	Single	Executive	FALSE	Outdoor Protection	170.08
M	36	Single	Executive	FALSE	Outdoor Protection	170.08
M	36	Single	Executive	FALSE	Outdoor Protection	168.51
F	50	Unspecified	Hospitality	FALSE	Personal Accessories	89.42
M	27	Single	Other	FALSE	Mountaineering Equipment	132.98
M	27	Single	Other	FALSE	Mountaineering Equipment	128.15
M	27	Single	Other	FALSE	Mountaineering Equipment	125.08
M	33	Married	Trades	TRUE	Camping Equipment	155.01
M	33	Married	Trades	TRUE	Camping Equipment	155.78
M	33	Married	Trades	TRUE	Camping Equipment	163.86
M	30	Single	Trades	TRUE	Mountaineering Equipment	150.09
M	30	Single	Trades	TRUE	Mountaineering Equipment	149.16
M	25	Single	Other	FALSE	Mountaineering Equipment	130.05
M	25	Single	Other	FALSE	Mountaineering Equipment	133.4
F	30	Married	Executive	FALSE	Golf Equipment	154.45
F	29	Single	Other	FALSE	Personal Accessories	107.59
F	29	Single	Other	FALSE	Personal Accessories	113.19
F	29	Single	Other	FALSE	Personal Accessories	108.47
F	36	Unspecified	Other	FALSE	Outdoor Protection	122.22
F	45	Married	Executive	FALSE	Golf Equipment	133.23
F	45	Married	Executive	FALSE	Golf Equipment	129.74
F	45	Married	Executive	FALSE	Golf Equipment	130.17
F	45	Married	Executive	FALSE	Golf Equipment	134.93
M	40	Married	Trades	TRUE	Camping Equipment	173.26
M	40	Married	Trades	TRUE	Camping Equipment	168.22
F	36	Married	Executive	FALSE	Golf Equipment	157.59
M	19	Single	Student	FALSE	Personal Accessories	86.28
M	19	Single	Student	FALSE	Personal Accessories	94.53
M	29	Single	Sales	TRUE	Mountaineering Equipment	133.82
M	29	Single	Sales	TRUE	Mountaineering Equipment	134.2
F	24	Single	Professional	TRUE	Personal Accessories	113.38
F	24	Single	Professional	TRUE	Personal Accessories	107.61
M	43	Married	Trades	TRUE	Camping Equipment	168.72
M	43	Married	Trades	TRUE	Camping Equipment	173.69
M	43	Married	Trades	TRUE	Camping Equipment	167.62
F	53	Unspecified	Hospitality	FALSE	Personal Accessories	92.9
F	33	Married	Executive	FALSE	Golf Equipment	153.56
M	34	Single	Professional	TRUE	Camping Equipment	150.42
M	34	Single	Professional	TRUE	Camping Equipment	147.38
M	34	Single	Professional	TRUE	Camping Equipment	153.97
M	34	Single	Professional	TRUE	Camping Equipment	152.63
F	46	Unspecified	Hospitality	FALSE	Personal Accessories	87.49
F	28	Single	Sales	FALSE	Personal Accessories	107.56
M	39	Unspecified	Trades	TRUE	Camping Equipment	150.01
M	21	Single	Sales	TRUE	Mountaineering Equipment	115.34
F	68	Married	Other	FALSE	Golf Equipment	110.94
F	34	Married	Other	FALSE	Camping Equipment	131.96
M	27	Single	Other	FALSE	Mountaineering Equipment	132.99
M	27	Single	Other	FALSE	Mountaineering Equipment	130.29
M	38	Single	Professional	FALSE	Outdoor Protection	164.66
M	38	Single	Professional	FALSE	Outdoor Protection	164.17
M	38	Single	Professional	FALSE	Outdoor Protection	163.43
M	38	Single	Professional	FALSE	Outdoor Protection	161.65
F	43	Married	Other	FALSE	Outdoor Protection	136.55
F	43	Married	Other	FALSE	Outdoor Protection	140.22
F	43	Married	Other	FALSE	Outdoor Protection	137.38
F	31	Married	Other	FALSE	Camping Equipment	132.56
M	28	Unspecified	Other	FALSE	Camping Equipment	122.6
F	39	Married	Professional	FALSE	Golf Equipment	148.99
M	35	Married	Other	FALSE	Outdoor Protection	155.63
F	27	Single	Student	TRUE	Personal Accessories	93.72
F	27	Single	Student	TRUE	Personal Accessories	88.58
M	29	Single	Other	FALSE	Mountaineering Equipment	133.06
F	36	Married	Other	FALSE	Outdoor Protection	144.53
M	21	Single	Other	FALSE	Mountaineering Equipment	117.25
M	48	Married	Professional	FALSE	Golf Equipment	135.41
F	22	Married	Other	TRUE	Personal Accessories	106.27
F	22	Married	Other	TRUE	Personal Accessories	107.15
M	57	Married	Other	FALSE	Golf Equipment	129.06
M	27	Single	Professional	TRUE	Camping Equipment	142.05
M	27	Single	Professional	TRUE	Camping Equipment	137.08
M	33	Married	Executive	FALSE	Golf Equipment	173.07
M	33	Married	Executive	FALSE	Golf Equipment	168.89
M	33	Married	Executive	FALSE	Golf Equipment	171.72
F	45	Married	Hospitality	FALSE	Outdoor Protection	112.9
F	69	Married	Other	FALSE	Golf Equipment	113.4
F	69	Married	Other	FALSE	Golf Equipment	114.4
M	31	Married	Sales	TRUE	Camping Equipment	145.81
M	31	Married	Sales	TRUE	Camping Equipment	150.34
M	25	Single	Student	TRUE	Camping Equipment	111.77
M	25	Single	Student	TRUE	Camping Equipment	107.14
M	41	Married	Sales	FALSE	Outdoor Protection	156.73
F	28	Single	Student	TRUE	Personal Accessories	88.95
M	38	Unspecified	Trades	TRUE	Camping Equipment	150.6
F	68	Married	Retired	FALSE	Golf Equipment	101.85
M	26	Married	Professional	TRUE	Camping Equipment	150.62
F	48	Married	Other	FALSE	Golf Equipment	109.05
M	28	Single	Other	FALSE	Mountaineering Equipment	126.87
M	28	Single	Other	FALSE	Mountaineering Equipment	126.03
M	23	Single	Other	FALSE	Mountaineering Equipment	123.46
M	23	Single	Other	FALSE	Mountaineering Equipment	116.95
M	27	Married	Sales	TRUE	Camping Equipment	136.72
M	27	Married	Sales	TRUE	Camping Equipment	137.89
M	33	Married	Sales	TRUE	Camping Equipment	154.48
M	23	Single	Other	FALSE	Mountaineering Equipment	123.17
F	48	Married	Retired	FALSE	Golf Equipment	101.74
F	48	Married	Retired	FALSE	Golf Equipment	96.11
F	22	Single	Retail	FALSE	Personal Accessories	91.11
F	45	Married	Executive	FALSE	Golf Equipment	134.23
F	45	Married	Executive	FALSE	Golf Equipment	131.84
F	43	Married	Other	FALSE	Outdoor Protection	143.09
M	37	Married	Other	FALSE	Outdoor Protection	156.86
M	37	Married	Other	FALSE	Outdoor Protection	158.69
M	37	Married	Other	FALSE	Outdoor Protection	161.98
F	65	Unspecified	Hospitality	FALSE	Personal Accessories	94.36
M	23	Single	Professional	TRUE	Personal Accessories	126.63
M	29	Married	Executive	TRUE	Outdoor Protection	162.2
M	29	Married	Executive	TRUE	Outdoor Protection	157.13
M	43	Married	Other	FALSE	Outdoor Protection	158.31
M	28	Single	Professional	TRUE	Camping Equipment	137.08
F	26	Single	Professional	TRUE	Personal Accessories	120.9
M	42	Married	Professional	FALSE	Golf Equipment	166.79
M	42	Married	Professional	FALSE	Golf Equipment	174.88
M	42	Married	Professional	FALSE	Golf Equipment	166.16
F	20	Single	Retail	FALSE	Personal Accessories	93.9
M	32	Single	Professional	TRUE	Camping Equipment	145.93
M	32	Single	Professional	TRUE	Camping Equipment	154.62
M	24	Single	Student	TRUE	Personal Accessories	99.63
M	24	Single	Student	TRUE	Personal Accessories	95.91
F	30	Married	Other	FALSE	Camping Equipment	131.93
M	24	Single	Student	TRUE	Personal Accessories	104.33
F	33	Married	Executive	FALSE	Golf Equipment	152.42
M	41	Single	Other	FALSE	Outdoor Protection	150.34
M	40	Married	Other	FALSE	Outdoor Protection	157.13
M	42	Married	Sales	FALSE	Outdoor Protection	158.09
M	42	Married	Sales	FALSE	Outdoor Protection	164.4
M	42	Married	Sales	FALSE	Outdoor Protection	161.86
M	27	Single	Other	FALSE	Mountaineering Equipment	126.55
M	28	Married	Other	TRUE	Camping Equipment	140.2
F	20	Single	Other	FALSE	Personal Accessories	96.19
F	25	Single	Other	FALSE	Personal Accessories	106.5
M	26	Single	Professional	TRUE	Camping Equipment	142.18
M	26	Single	Professional	TRUE	Camping Equipment	142.83
M	43	Married	Other	FALSE	Outdoor Protection	163.66
M	32	Single	Professional	TRUE	Camping Equipment	150.15
F	28	Single	Professional	TRUE	Personal Accessories	121.92
F	28	Single	Professional	TRUE	Personal Accessories	124.26
M	40	Unspecified	Other	FALSE	Outdoor Protection	136.82
M	40	Unspecified	Other	FALSE	Outdoor Protection	139.99
F	25	Single	Other	FALSE	Personal Accessories	114.36
F	33	Married	Other	FALSE	Camping Equipment	125.31
F	33	Married	Other	FALSE	Camping Equipment	131.64
F	19	Single	Other	FALSE	Personal Accessories	87.7
F	19	Single	Other	FALSE	Personal Accessories	89.92
F	48	Married	Other	FALSE	Golf Equipment	109.99
M	26	Single	Trades	TRUE	Mountaineering Equipment	136.34
M	29	Single	Other	FALSE	Mountaineering Equipment	126.07
F	46	Married	Professional	FALSE	Golf Equipment	118.91
M	30	Married	Other	FALSE	Camping Equipment	149.43
M	22	Unspecified	Other	FALSE	Mountaineering Equipment	110.77
M	22	Unspecified	Other	FALSE	Mountaineering Equipment	113.63
M	22	Unspecified	Other	FALSE	Mountaineering Equipment	111.18
M	22	Unspecified	Other	FALSE	Mountaineering Equipment	114.24
F	45	Married	Other	FALSE	Golf Equipment	111.5
M	22	Single	Student	TRUE	Personal Accessories	96.28
M	30	Married	Sales	TRUE	Camping Equipment	149.96
M	33	Married	Other	FALSE	Camping Equipment	148.99
F	21	Single	Retail	FALSE	Personal Accessories	89.35
F	40	Married	Other	FALSE	Outdoor Protection	142.77
M	29	Married	Other	TRUE	Camping Equipment	137.71
F	41	Married	Sales	FALSE	Outdoor Protection	138.6
F	36	Married	Professional	FALSE	Golf Equipment	145.72
M	29	Single	Sales	TRUE	Mountaineering Equipment	133.32
F	48	Married	Professional	FALSE	Golf Equipment	120.53
F	48	Married	Professional	FALSE	Golf Equipment	121.27
F	50	Married	Professional	FALSE	Golf Equipment	117.98
M	31	Single	Professional	TRUE	Camping Equipment	149.03
M	23	Single	Professional	TRUE	Personal Accessories	128.79
M	26	Single	Sales	TRUE	Mountaineering Equipment	129.36
F	39	Single	Professional	FALSE	Personal Accessories	143.22
M	43	Unspecified	Other	FALSE	Outdoor Protection	144.2
M	43	Unspecified	Other	FALSE	Outdoor Protection	135.54
M	43	Unspecified	Other	FALSE	Outdoor Protection	138.57
F	36	Unspecified	Hospitality	FALSE	Outdoor Protection	120.78
F	36	Unspecified	Hospitality	FALSE	Outdoor Protection	120.96
M	38	Married	Sales	FALSE	Outdoor Protection	159.49
F	32	Married	Professional	TRUE	Golf Equipment	144.93
F	32	Married	Professional	TRUE	Golf Equipment	141.98
M	58	Married	Other	FALSE	Golf Equipment	125.44
M	58	Married	Other	FALSE	Golf Equipment	129.22
M	58	Married	Other	FALSE	Golf Equipment	132.78
F	24	Single	Other	FALSE	Personal Accessories	98.21
M	22	Single	Student	TRUE	Personal Accessories	102.85
M	22	Single	Student	TRUE	Personal Accessories	97.57
M	40	Single	Other	FALSE	Outdoor Protection	146.88
M	40	Single	Other	FALSE	Outdoor Protection	149.06
M	36	Married	Sales	FALSE	Outdoor Protection	163.11
F	28	Single	Sales	FALSE	Personal Accessories	108.72
F	39	Unspecified	Hospitality	FALSE	Outdoor Protection	116.07
F	39	Unspecified	Hospitality	FALSE	Outdoor Protection	122.7
F	28	Single	Other	FALSE	Personal Accessories	108.2
M	24	Single	Professional	TRUE	Personal Accessories	126.66
M	24	Single	Professional	TRUE	Personal Accessories	133.97
F	27	Married	Retail	FALSE	Camping Equipment	106.15
F	20	Single	Other	FALSE	Personal Accessories	98.34
F	37	Married	Other	FALSE	Outdoor Protection	137.25
